"pitches","player_id","player_name","total_pitches","pitch_percent","ba","iso","babip","slg","woba","xwoba","xba","hits","abs","launch_speed","launch_angle","spin_rate","velocity","effective_speed","whiffs","swings","takes","eff_min_vel","release_extension","pos3_int_start_distance","pos4_int_start_distance","pos5_int_start_distance","pos6_int_start_distance","pos7_int_start_distance","pos8_int_start_distance","pos9_int_start_distance"
273,607074,"Rodón, Carlos",2985,9.1,0,0,,0,0,0,,0,100,,,2373,95.9,95.69,273,273,0,-0.20000000000000284,6.23,109,152,115,148,298,322,291
231,543037,"Cole, Gerrit",3274,7.1,0,0,,0,0,0,,0,81,,,2445,98.1,98.08,231,231,0,0,6.46,112,160,122,153,291,326,292
230,664299,"Javier, Cristian",2554,9,0,0,,0,0,0,,0,86,,,2358,94,93.25,230,230,0,-0.7999999999999972,6,114,157,119,150,296,326,293
221,675911,"Strider, Spencer",2277,9.7,0,0,,0,0,0,,0,93,,,2363,98.5,99.56,221,221,0,1.0999999999999943,6.92,113,152,122,150,306,324,300
211,669302,"Gilbert, Logan",3015,7,0,0,,0,0,0,,0,76,,,2147,96.3,98.28,211,211,0,2,7.4,113,154,119,148,292,324,300
198,657746,"Ryan, Joe",2391,8.3,0,0,,0,0,0,,0,70,,,2200,92.2,92.39,198,198,0,0.20000000000000284,6.38,110,158,118,151,297,330,294
173,668881,"Greene, Hunter",2200,7.9,0,0,,0,0,0,,0,67,,,2380,99.2,99.05,173,173,0,-0.10000000000000853,6.34,115,152,123,147,290,320,294
172,592662,"Ray, Robbie",3047,5.6,0,0,,0,0,0,,0,72,,,2283,93.7,93.96,172,172,0,0.29999999999999716,6.49,110,152,120,146,294,322,287
169,601713,"Pivetta, Nick",3082,5.5,0,0,,0,0,0,,0,61,,,2323,93.8,94.34,169,169,0,0.5,6.77,109,155,118,150,292,329,297
168,641778,"Lauer, Eric",2676,6.3,0,0,,0,0,0,,0,64,,,2309,93.4,93.09,168,168,0,-0.30000000000001137,6.15,104,153,119,145,299,319,295
164,663474,"McKenzie, Triston",2807,5.8,0,0,,0,0,0,,0,54,,,2326,92.8,93.55,164,164,0,0.7000000000000028,6.76,110,155,122,149,294,317,293
162,628711,"Urías, Julio",2622,6.2,0,0,,0,0,0,,0,61,,,2526,93.4,92.66,162,162,0,-0.7000000000000028,5.72,110,155,116,148,298,315,289
156,458681,"Lynn, Lance",2022,7.7,0,0,,0,0,0,,0,58,,,2461,93.3,93.5,156,156,0,0.20000000000000284,6.34,109,153,114,149,295,326,293
154,605540,"Woodruff, Brandon",2538,6.1,0,0,,0,0,0,,0,73,,,2359,96.4,96.77,154,154,0,0.3999999999999915,6.57,113,152,123,146,294,318,298
152,669923,"Kirby, George",2092,7.3,0,0,,0,0,0,,0,59,,,2181,95.4,96.04,152,152,0,0.5999999999999943,6.58,109,153,118,148,292,321,297
149,666201,"Manoah, Alek",2949,5.1,0,0,,0,0,0,,0,51,,,2394,94.1,94.67,149,149,0,0.6000000000000085,6.7,107,163,118,149,290,318,295
145,664353,"Urquidy, José",2640,5.5,0,0,,0,0,0,,0,45,,,2209,93.7,92.7,145,145,0,-1,5.87,113,157,117,148,296,326,292
143,641816,"Mahle, Tyler",2101,6.8,0,0,,0,0,0,,0,67,,,2319,93.9,94.35,143,143,0,0.5,6.6,117,155,124,147,291,320,293
143,641482,"Cortes, Nestor",2465,5.8,0,0,,0,0,0,,0,55,,,2274,92.1,91.33,143,143,0,-0.7999999999999972,5.85,110,160,121,151,297,326,288
141,656629,"Kopech, Michael",2011,7,0,0,,0,0,0,,0,46,,,2529,95.2,95.58,141,141,0,0.3999999999999915,6.68,112,153,112,150,298,327,301
140,554430,"Wheeler, Zack",2358,5.9,0,0,,0,0,0,,0,53,,,2391,96.1,97.74,140,140,0,1.6000000000000085,7.29,112,150,120,146,294,325,291
139,622491,"Castillo, Luis",2506,5.5,0,0,,0,0,0,,0,67,,,2374,97.3,95.93,139,139,0,-1.3999999999999915,5.58,114,152,120,147,293,322,291
138,605483,"Snell, Blake",2341,5.9,0,0,,0,0,0,,0,56,,,2453,96.2,96.79,138,138,0,0.5999999999999943,6.8,110,155,119,149,299,320,298
136,656302,"Cease, Dylan",3120,4.4,0,0,,0,0,0,,0,43,,,2513,96.9,96.48,136,136,0,-0.4000000000000057,6.1,107,151,111,148,299,327,300
135,434378,"Verlander, Justin",2607,5.2,0,0,,0,0,0,,0,36,,,2455,95.3,94.64,135,135,0,-0.7000000000000028,6.1,112,152,111,148,292,321,293
128,608337,"Giolito, Lucas",2753,4.6,0,0,,0,0,0,,0,45,,,2167,92.7,93.67,128,128,0,1,6.84,110,151,111,149,299,330,299
128,641154,"López, Pablo",2910,4.4,0,0,,0,0,0,,0,47,,,2209,94,95.11,128,128,0,1.0999999999999943,6.94,112,153,120,150,297,316,293
126,592332,"Gausman, Kevin",2783,4.5,0,0,,0,0,0,,0,37,,,2292,95.4,95.26,126,126,0,-0.10000000000000853,6.4,111,164,119,150,295,322,298
121,608344,"Irvin, Cole",2610,4.6,0,0,,0,0,0,,0,55,,,2004,91.2,91.34,121,121,0,0.09999999999999432,6.42,112,151,118,149,305,322,293
120,500779,"Quintana, José",2724,4.4,0,0,,0,0,0,,0,43,,,2076,91.2,91.53,120,120,0,0.29999999999999716,6.48,106,152,117,147,306,321,294
119,605400,"Nola, Aaron",3039,3.9,0,0,,0,0,0,,0,40,,,2321,93.1,93.84,119,119,0,0.7000000000000028,6.93,109,153,118,147,295,327,296
118,453286,"Scherzer, Max",2167,5.4,0,0,,0,0,0,,0,34,,,2378,94.2,93.68,118,118,0,-0.5,6.16,116,158,118,149,299,329,300
115,668678,"Gallen, Zac",2935,3.9,0,0,,0,0,0,,0,48,,,2427,94.2,94.48,115,115,0,0.29999999999999716,6.56,112,153,122,149,300,323,297
114,669432,"Rogers, Trevor",1940,5.9,0,0,,0,0,0,,0,33,,,2435,94.9,94.26,114,114,0,-0.6000000000000085,6.6,102,151,118,148,302,317,291
113,571760,"Heaney, Andrew",1230,9.2,0,0,,0,0,0,,0,47,,,2446,93.3,92.95,113,113,0,-0.3999999999999915,6.17,107,155,117,146,300,315,287
112,592791,"Taillon, Jameson",2805,4,0,0,,0,0,0,,0,46,,,2381,94.2,94.66,112,112,0,0.5,6.63,109,157,119,150,292,326,290
112,657006,"Steele, Justin",2032,5.5,0,0,,0,0,0,,0,34,,,2513,92.2,92.58,112,112,0,0.3999999999999915,6.3,105,151,119,149,302,320,289
111,663556,"McClanahan, Shane",2463,4.5,0,0,,0,0,0,,0,37,,,2241,97.2,97.86,111,111,0,0.7000000000000028,6.83,102,153,114,147,306,327,297
111,663460,"Bubic, Kris",2262,4.9,0,0,,0,0,0,,0,46,,,2166,92.3,92.75,111,111,0,0.5,6.56,108,155,119,146,300,324,299
110,621363,"Poche, Colin",974,11.3,0,0,,0,0,0,,0,36,,,2238,93.3,94.63,110,110,0,1.2999999999999972,7.18,104,159,115,148,301,326,298
109,543606,"Odorizzi, Jake",1798,6.1,0,0,,0,0,0,,0,36,,,2149,92.2,91.73,109,109,0,-0.5,6.1,114,156,125,147,299,323,298
106,645261,"Alcantara, Sandy",3248,3.3,0,0,,0,0,0,,0,38,,,2206,98.2,97.19,106,106,0,-1,5.89,113,156,119,151,298,317,294
105,672282,"Detmers, Reid",2181,4.8,0,0,,0,0,0,,0,30,,,2119,93.4,92.35,105,105,0,-1.1000000000000085,5.76,108,151,115,148,298,322,291
105,571945,"Mikolas, Miles",3152,3.3,0,0,,0,0,0,,0,47,,,2303,93.8,93.99,105,105,0,0.20000000000000284,6.39,114,156,119,150,301,322,302
104,650671,"Quijada, José",691,15.1,0,0,,0,0,0,,0,45,,,2202,94.6,95.03,104,104,0,0.4000000000000057,6.59,114,151,117,154,296,322,293
102,664747,"Díaz, Alexis",1077,9.5,0,0,,0,0,0,,0,39,,,2671,95.8,95.22,102,102,0,-0.5999999999999943,7.47,113,153,120,148,292,318,289
101,677651,"Garcia, Luis",2468,4.1,0,0,,0,0,0,,0,32,,,2446,94.4,93.8,101,101,0,-0.6000000000000085,6.09,110,154,114,148,294,324,292
101,656605,"Keller, Mitch",2661,3.8,0,0,,0,0,0,,0,39,,,2437,95.7,95.78,101,101,0,0.09999999999999432,6.31,106,152,117,149,304,324,301
99,518876,"Kelly, Merrill",3071,3.2,0,0,,0,0,0,,0,33,,,2357,93,92.59,99,99,0,-0.4000000000000057,6.17,112,154,123,149,299,320,296
99,605488,"Springs, Jeffrey",2149,4.6,0,0,,0,0,0,,0,39,,,2262,91.4,91.59,99,99,0,0.19999999999998863,6.6,103,153,112,149,303,328,298
98,663738,"Lynch, Daniel",2435,4,0,0,,0,0,0,,0,34,,,2134,94.2,95.41,98,98,0,1.2000000000000028,6.92,107,153,117,147,305,323,297
98,579328,"Kikuchi, Yusei",1843,5.3,0,0,,0,0,0,,0,27,,,2284,95.1,95.76,98,98,0,0.7000000000000028,6.87,108,152,120,147,304,322,294
97,681911,"Vesia, Alex",951,10.2,0,0,,0,0,0,,0,41,,,2326,94.3,94.54,97,97,0,0.20000000000000284,6.46,111,154,120,148,298,316,293
96,450203,"Morton, Charlie",2903,3.3,0,0,,0,0,0,,0,42,,,2382,95.1,95.02,96,96,0,-0.09999999999999432,6.19,116,153,128,148,304,326,303
94,621368,"Hearn, Taylor",1787,5.3,0,0,,0,0,0,,0,39,,,2331,95.1,94.99,94,94,0,-0.09999999999999432,6.36,110,151,119,146,298,320,293
94,669211,"Akin, Keegan",1235,7.6,0,0,,0,0,0,,0,30,,,2278,93.8,92.7,94,94,0,-1.0999999999999943,5.83,108,157,116,150,301,321,294
93,593423,"Montas, Frankie",2327,4,0,0,,0,0,0,,0,40,,,2367,96.3,95.68,93,93,0,-0.5999999999999943,5.94,111,153,121,146,295,320,292
93,641329,"Baker, Bryan",1181,7.9,0,0,,0,0,0,,0,32,,,2360,96.3,96.49,93,93,0,0.20000000000000284,6.48,106,154,117,148,306,322,292
93,641941,"Pagán, Emilio",1126,8.3,0,0,,0,0,0,,0,26,,,2508,95.7,96.37,93,93,0,0.7000000000000028,6.71,110,155,118,150,296,329,292
89,592773,"Stanek, Ryne",895,9.9,0,0,,0,0,0,,0,29,,,2334,98.5,97.65,89,89,0,-0.9000000000000057,5.96,108,151,115,146,294,322,293
89,592351,"Gray, Jon",2062,4.3,0,0,,0,0,0,,0,39,,,2009,96.1,96.37,89,89,0,0.30000000000001137,6.51,116,157,129,150,299,323,296
88,573204,"Thielbar, Caleb",996,8.8,0,0,,0,0,0,,0,33,,,2301,92.9,92.94,88,88,0,0,6.29,109,156,119,148,298,327,291
88,622663,"Severino, Luis",1639,5.4,0,0,,0,0,0,,0,26,,,2274,96.7,96.41,88,88,0,-0.29999999999999716,6.17,114,156,117,150,299,328,290
87,621345,"Minter, A.J.",1111,7.8,0,0,,0,0,0,,0,39,,,2428,96.7,96.53,87,87,0,-0.20000000000000284,6.23,113,153,119,150,306,323,297
87,542881,"Anderson, Tyler",2576,3.4,0,0,,0,0,0,,0,31,,,2247,91.1,90.69,87,87,0,-0.3999999999999915,6.08,106,154,118,146,303,314,287
87,664854,"Helsley, Ryan",962,9,0,0,,0,0,0,,0,40,,,2646,99.7,100.21,87,87,0,0.5,6.63,111,156,119,148,300,321,299
86,641360,"Bickford, Phil",990,8.7,0,0,,0,0,0,,0,29,,,2356,94.4,95.36,86,86,0,1,6.78,114,156,124,149,301,318,292
86,641729,"Jiménez, Joe",937,9.2,0,0,,0,0,0,,0,29,,,2464,95.8,96.3,86,86,0,0.5,6.77,109,158,124,149,302,330,298
86,543475,"Lyles, Jordan",2988,2.9,0,0,,0,0,0,,0,26,,,2205,91.9,92.71,86,86,0,0.7999999999999972,6.79,109,162,115,151,301,323,297
85,621076,"Kaprielian, James",2230,3.8,0,0,,0,0,0,,0,30,,,2030,94.1,93.61,85,85,0,-0.5,6.09,113,153,121,150,298,318,292
84,606160,"Montero, Rafael",1093,7.7,0,0,,0,0,0,,0,31,,,2353,96.5,96.08,84,84,0,-0.4000000000000057,6.17,115,154,114,150,292,322,295
83,670280,"Bednar, David",842,9.9,0,0,,0,0,0,,0,31,,,2311,96.4,96.86,83,83,0,0.5,6.62,108,153,118,149,303,325,300
83,521230,"Hendriks, Liam",948,8.8,0,0,,0,0,0,,0,29,,,2390,97.7,98.98,83,83,0,1.2999999999999972,7.02,108,148,111,146,295,322,298
82,623149,"Sewald, Paul",974,8.4,0,0,,0,0,0,,0,28,,,2503,92.7,93.02,82,82,0,0.29999999999999716,6.53,115,156,124,149,298,325,299
82,656271,"Burke, Brock",1330,6.2,0,0,,0,0,0,,0,38,,,2298,95.3,96.2,82,82,0,0.9000000000000057,6.9,110,150,118,145,302,317,291
82,592866,"Williams, Trevor",1407,5.8,0,0,,0,0,0,,0,42,,,2257,91.7,92.51,82,82,0,0.7999999999999972,6.66,111,152,121,148,300,328,298
81,663455,"Pilkington, Konnor",1039,7.8,0,0,,0,0,0,,0,26,,,2230,92.3,92.61,81,81,0,0.29999999999999716,6.43,106,153,116,147,298,318,289
81,608032,"Estévez, Carlos",1021,7.9,0,0,,0,0,0,,0,30,,,2244,97.7,97.8,81,81,0,0.09999999999999432,6.3,111,152,120,148,305,328,301
81,624522,"Thompson, Keegan",1878,4.3,0,0,,0,0,0,,0,32,,,2386,93.7,91.43,81,81,0,-2.299999999999997,6.24,108,152,121,154,301,322,294
81,518886,"Kimbrel, Craig",1077,7.5,0,0,,0,0,0,,0,24,,,2261,95.7,96.29,81,81,0,0.5999999999999943,6.71,114,157,122,149,300,318,295
80,471911,"Carrasco, Carlos",2412,3.3,0,0,,0,0,0,,0,26,,,2298,93.5,93.65,80,80,0,0.09999999999999432,6.34,112,156,118,148,301,331,305
80,518617,"Diekman, Jake",1172,6.8,0,0,,0,0,0,,0,29,,,2301,96,95.7,80,80,0,-0.29999999999999716,6.33,109,151,116,148,293,325,291
79,605164,"Bundy, Dylan",2180,3.6,0,0,,0,0,0,,0,21,,,2378,89.4,88.57,79,79,0,-0.8000000000000114,5.89,109,161,120,151,298,328,295
79,506433,"Darvish, Yu",2971,2.7,0,0,,0,0,0,,0,40,,,2438,95,95.45,79,79,0,0.4000000000000057,6.64,112,164,124,151,294,321,302
79,608723,"Voth, Austin",1762,4.5,0,0,,0,0,0,,0,27,,,2355,93.6,93.34,79,79,0,-0.29999999999999716,6.27,107,158,121,149,303,322,296
78,642585,"Bautista, Félix",995,7.8,0,0,,0,0,0,,0,18,,,2347,99.4,99.49,78,78,0,0.09999999999999432,6.44,109,156,116,150,304,322,292
78,669330,"Wells, Tyler",1649,4.7,0,0,,0,0,0,,0,23,,,2468,93.4,93.43,78,78,0,0,6.36,111,161,115,151,303,321,295
78,680686,"Gray, Josiah",2597,3,0,0,,0,0,0,,0,13,,,2231,94.8,93.54,78,78,0,-1.2999999999999972,5.62,112,156,126,145,300,320,296
77,519043,"Moore, Matt",1248,6.2,0,0,,0,0,0,,0,20,,,2374,94.2,93.53,77,77,0,-0.7000000000000028,6.06,111,154,119,147,300,323,295
77,669395,"Coleman, Dylan",1205,6.4,0,0,,0,0,0,,0,21,,,2464,97.6,98.25,77,77,0,0.7000000000000028,6.56,109,156,120,147,300,323,301
77,661395,"Duran, Jhoan",1023,7.5,0,0,,0,0,0,,0,23,,,2182,100.8,100.62,77,77,0,-0.20000000000000284,6.19,112,156,117,149,297,333,295
76,605397,"Musgrove, Joe",2834,2.7,0,0,,0,0,0,,0,42,,,2585,93.2,92.79,76,76,0,-0.4000000000000057,6,113,167,126,151,295,319,302
76,666120,"Anderson, Ian",2005,3.8,0,0,,0,0,0,,0,17,,,1937,94,95.18,76,76,0,1.2000000000000028,6.95,110,151,117,150,303,324,303
76,642547,"Peralta, Freddy",1353,5.6,0,0,,0,0,0,,0,27,,,2354,92.8,93.94,76,76,0,1.1000000000000085,7.03,112,154,123,147,296,318,295
76,656876,"Rasmussen, Drew",2239,3.4,0,0,,0,0,0,,0,31,,,2407,95.7,95.9,76,76,0,0.20000000000000284,6.5,107,155,114,150,302,327,298
76,554340,"Garcia, Yimi",1039,7.3,0,0,,0,0,0,,0,36,,,2456,95.3,94.27,76,76,0,-1,5.78,110,156,122,149,299,321,295
75,594835,"Gonzales, Marco",2838,2.6,0,0,,0,0,0,,0,27,,,1999,88.7,88.97,75,75,0,0.29999999999999716,6.4,107,151,120,145,294,320,289
75,605182,"Clevinger, Mike",1931,3.9,0,0,,0,0,0,,0,24,,,2331,94,94.78,75,75,0,0.7999999999999972,6.86,114,164,117,153,294,320,304
75,657024,"Swanson, Erik",880,8.5,0,0,,0,0,0,,0,30,,,2306,93.9,91.99,75,75,0,-1.9000000000000057,6.72,118,152,116,149,291,321,296
75,605218,"Edwards Jr., Carl",1014,7.4,0,0,,0,0,0,,0,22,,,2536,94.7,95.77,75,75,0,1.0999999999999943,6.86,111,154,122,147,303,317,298
74,641745,"Keller, Brad",2275,3.3,0,0,,0,0,0,,0,29,,,2405,94.8,94.73,74,74,0,-0.09999999999999432,5.97,111,155,118,148,300,325,303
74,625643,"López, Reynaldo",985,7.5,0,0,,0,0,0,,0,23,,,2283,97.5,97.57,74,74,0,0.09999999999999432,6.37,105,150,112,147,299,324,298
74,665152,"Kremer, Dean",1947,3.8,0,0,,0,0,0,,0,21,,,2246,93.6,93.55,74,74,0,0,6.32,105,159,113,150,299,322,297
74,660853,"De Los Santos, Enyel",845,8.8,0,0,,0,0,0,,0,29,,,2263,95.4,93.58,74,74,0,-1.8000000000000114,6.02,109,153,120,149,296,313,287
73,660271,"Ohtani, Shohei",2629,2.8,0,0,,0,0,0,,0,26,,,2231,97.8,98.73,73,73,0,0.9000000000000057,6.83,110,154,115,152,294,321,294
72,448179,"Hill, Rich",1990,3.6,0,0,,0,0,0,,0,27,,,2255,88.7,88.42,72,72,0,-0.29999999999999716,6.22,103,152,117,149,288,325,291
72,669212,"Morgan, Eli",1017,7.1,0,0,,0,0,0,,0,34,,,2268,92.2,89.32,72,72,0,-2.9000000000000057,6.19,109,155,122,149,297,318,292
72,640451,"Harvey, Hunter",661,10.9,0,0,,0,0,0,,0,23,,,2027,98.4,97.99,72,72,0,-0.4000000000000057,6.07,107,153,121,148,299,315,300
71,608331,"Fried, Max",2818,2.5,0,0,,0,0,0,,0,30,,,2155,94.3,94.64,71,71,0,0.29999999999999716,6.33,110,153,120,150,309,323,292
71,621244,"Berríos, José",2721,2.6,0,0,,0,0,0,,0,28,,,2235,94.3,94.2,71,71,0,-0.09999999999999432,6.38,108,160,120,150,291,321,301
71,592826,"Velasquez, Vince",1286,5.5,0,0,,0,0,0,,0,28,,,2423,93.1,93.72,71,71,0,0.6000000000000085,6.63,107,149,113,148,299,326,299
70,669022,"Gore, MacKenzie",1258,5.6,0,0,,0,0,0,,0,29,,,2254,95.2,95.97,70,70,0,0.9000000000000057,6.9,110,160,121,150,294,316,294
70,518516,"Bumgarner, Madison",2715,2.6,0,0,,0,0,0,,0,20,,,2206,91.4,91.56,70,70,0,0.19999999999998863,6.61,110,153,121,148,300,322,298
70,621242,"Díaz, Edwin O",928,7.5,0,0,,0,0,0,,0,20,,,2375,99.3,99.4,70,70,0,0.10000000000000853,7.31,117,159,118,150,298,329,306
69,608349,"Knebel, Corey",795,8.7,0,0,,0,0,0,,0,20,,,2368,95.7,96.03,69,69,0,0.29999999999999716,6.51,110,151,121,146,298,327,293
69,656222,"Beeks, Jalen",999,6.9,0,0,,0,0,0,,0,28,,,2152,95.1,95.7,69,69,0,0.6000000000000085,6.7,103,154,112,148,299,323,299
68,608718,"Suter, Brent",1070,6.4,0,0,,0,0,0,,0,19,,,2139,86.5,88.23,68,68,0,1.7000000000000028,7.27,110,151,118,146,297,316,295
68,592858,"Wick, Rowan",1153,5.9,0,0,,0,0,0,,0,31,,,2262,95.1,95.69,68,68,0,0.6000000000000085,6.69,108,151,119,152,296,320,293
68,594798,"deGrom, Jacob",940,7.2,0,0,,0,0,0,,0,23,,,2524,99.4,100.02,68,68,0,0.5999999999999943,6.68,114,159,120,152,296,330,302
68,680694,"Bradish, Kyle",1993,3.4,0,0,,0,0,0,,0,23,,,2309,94.7,95.3,68,68,0,0.5999999999999943,6.57,104,153,116,147,300,324,297
67,592836,"Walker, Taijuan",2500,2.7,0,0,,0,0,0,,0,23,,,2165,93.8,93.07,67,67,0,-0.7000000000000028,6,115,159,118,150,300,330,302
67,656849,"Peterson, David",1889,3.5,0,0,,0,0,0,,0,18,,,2095,93.9,95.16,67,67,0,1.2999999999999972,7.07,108,151,118,147,300,326,298
67,548389,"Stripling, Ross",2033,3.3,0,0,,0,0,0,,0,32,,,2151,92.3,91.66,67,67,0,-0.5999999999999943,6.01,114,181,122,153,290,319,303
67,664208,"Maton, Phil",1089,6.2,0,0,,0,0,0,,0,27,,,2494,91,92.68,67,67,0,1.7000000000000028,7.17,111,153,115,149,292,323,291
67,656731,"Megill, Tylor",791,8.5,0,0,,0,0,0,,0,19,,,2152,95.8,95.72,67,67,0,-0.09999999999999432,7.28,112,154,113,146,297,330,306
67,571710,"Givens, Mychal",1026,6.5,0,0,,0,0,0,,0,36,,,2444,93.6,93.97,67,67,0,0.4000000000000057,6.42,108,152,120,150,298,323,293
67,605447,"Romano, Jordan",989,6.8,0,0,,0,0,0,,0,27,,,2297,97.2,98.86,67,67,0,1.7000000000000028,7.4,111,159,121,150,294,319,296
66,672710,"Contreras, Roansy",1588,4.2,0,0,,0,0,0,,0,21,,,2415,95.9,96.06,66,66,0,0.19999999999998863,6.42,108,152,117,150,299,325,299
66,656458,"Gilbreath, Lucas",796,8.3,0,0,,0,0,0,,0,17,,,2371,94,94.1,66,66,0,0.09999999999999432,6.23,109,153,123,148,304,326,300
65,668676,"Plesac, Zach",2153,3,0,0,,0,0,0,,0,10,,,2178,92.1,91.74,65,65,0,-0.3999999999999915,6.11,114,158,117,151,296,320,296
65,608717,"Stratton, Chris",1100,5.9,0,0,,0,0,0,,0,20,,,2644,92.9,93.66,65,65,0,0.7999999999999972,6.52,108,151,115,147,303,321,298
65,456501,"Cueto, Johnny",2372,2.7,0,0,,0,0,0,,0,30,,,2194,91.5,90.34,65,65,0,-1.2000000000000028,5.6,110,153,114,149,295,324,294
65,542888,"Armstrong, Shawn",1047,6.2,0,0,,0,0,0,,0,35,,,2311,95.5,96.04,65,65,0,0.5,6.63,110,156,113,151,303,325,298
64,664062,"Gonsolin, Tony",2015,3.2,0,0,,0,0,0,,0,14,,,2317,93.2,92.69,64,64,0,-0.5,6,110,161,121,149,296,315,296
64,453178,"Kennedy, Ian",867,7.4,0,0,,0,0,0,,0,23,,,2436,93.2,93.48,64,64,0,0.29999999999999716,6.61,110,150,121,149,297,322,294
63,608566,"Márquez, Germán",2839,2.2,0,0,,0,0,0,,0,20,,,2169,96,94.77,63,63,0,-1.2000000000000028,5.47,113,152,119,149,304,330,305
63,669456,"Bieber, Shane",2875,2.2,0,0,,0,0,0,,0,15,,,2205,91.3,92,63,63,0,0.7000000000000028,6.7,110,158,117,150,296,317,294
63,660761,"Suarez, José",1783,3.5,0,0,,0,0,0,,0,22,,,2234,93,92.56,63,63,0,-0.4000000000000057,6.07,106,151,116,146,299,323,290
63,623167,"Flexen, Chris",2204,2.9,0,0,,0,0,0,,0,20,,,2137,91.9,91.33,63,63,0,-0.6000000000000085,6.01,112,153,122,147,292,322,297
62,669373,"Skubal, Tarik",1914,3.2,0,0,,0,0,0,,0,25,,,2171,94.4,94.14,62,62,0,-0.30000000000001137,6.21,107,151,118,146,303,329,294
62,666157,"Lodolo, Nick",1779,3.5,0,0,,0,0,0,,0,28,,,2330,94.5,94.53,62,62,0,0,6.44,113,151,122,146,294,318,280
62,656945,"Scott, Tanner",1273,4.9,0,0,,0,0,0,,0,19,,,2566,97,96.89,62,62,0,-0.09999999999999432,6.23,107,153,119,149,302,317,292
62,502202,"Boxberger, Brad",1090,5.7,0,0,,0,0,0,,0,27,,,2383,92.8,91.63,62,62,0,-1.2000000000000028,5.6,110,149,120,144,297,319,296
62,554431,"Matzek, Tyler",713,8.7,0,0,,0,0,0,,0,19,,,2442,94.3,94.36,62,62,0,0.10000000000000853,6.31,109,152,118,148,305,322,295
61,681806,"Wantz, Andrew",831,7.3,0,0,,0,0,0,,0,24,,,2378,93.8,93.7,61,61,0,-0.09999999999999432,6.21,110,154,121,150,296,323,293
61,614179,"Ruiz, José",1115,5.5,0,0,,0,0,0,,0,16,,,2349,96.9,96.16,61,61,0,-0.7000000000000028,5.9,110,149,115,146,300,325,299
61,642207,"Williams, Devin",1068,5.7,0,0,,0,0,0,,0,34,,,2281,94.1,96.11,61,61,0,2,7.58,107,150,122,144,296,320,296
61,650556,"Abreu, Bryan",1019,6,0,0,,0,0,0,,0,18,,,2340,97.5,97.59,61,61,0,0.09999999999999432,6.49,115,152,116,148,294,320,292
60,605154,"Brebbia, John",1091,5.5,0,0,,0,0,0,,0,26,,,2329,94.3,94.94,60,60,0,0.6000000000000085,6.66,104,146,118,146,297,322,296
60,657571,"Ferguson, Caleb",580,10.3,0,0,,0,0,0,,0,20,,,2325,94.9,94.69,60,60,0,-0.20000000000000284,6.13,109,153,117,147,300,314,291
60,519326,"Strickland, Hunter",1099,5.5,0,0,,0,0,0,,0,22,,,2369,95,93,60,60,0,-2,5.99,112,146,123,145,290,319,290
60,607179,"Weems, Jordan",738,8.1,0,0,,0,0,0,,0,12,,,2147,97.1,97.36,60,60,0,0.30000000000001137,6.56,114,155,126,150,298,318,297
60,675916,"Karinchak, James",704,8.5,0,0,,0,0,0,,0,28,,,2371,95.4,94.84,60,60,0,-0.6000000000000085,6,113,156,116,150,295,313,292
59,643256,"Cimber, Adam",1044,5.7,0,0,,0,0,0,,0,37,,,2191,86.7,86.53,59,59,0,-0.20000000000000284,6.41,109,147,117,147,288,320,298
59,518489,"Brasier, Ryan",985,6,0,0,,0,0,0,,0,24,,,2287,96,96.47,59,59,0,0.5,6.65,109,154,117,150,294,328,295
59,607536,"Freeland, Kyle",2839,2.1,0,0,,0,0,0,,0,11,,,2389,90.6,91.63,59,59,0,1,6.62,107,153,122,147,307,329,298
59,455119,"Martin, Chris",858,6.9,0,0,,0,0,0,,0,33,,,2210,95.4,95.7,59,59,0,0.29999999999999716,6.49,110,152,119,150,299,319,292
59,676710,"Crawford, Kutter",1296,4.6,0,0,,0,0,0,,0,23,,,2416,94.8,94.26,59,59,0,-0.5,6.17,113,160,120,152,292,328,295
58,663986,"Stephan, Trevor",1032,5.6,0,0,,0,0,0,,0,16,,,2490,96.8,97.35,58,58,0,0.6000000000000085,6.59,113,154,117,150,291,315,294
58,592716,"Sampson, Adrian",1694,3.4,0,0,,0,0,0,,0,16,,,2091,92.7,86.37,58,58,0,-6.299999999999997,6.4,107,151,112,158,301,321,296
57,425844,"Greinke, Zack",2272,2.5,0,0,,0,0,0,,0,9,,,2296,89,88.69,57,57,0,-0.29999999999999716,5.92,112,158,116,147,304,327,300
57,592094,"Adam, Jason",942,6.1,0,0,,0,0,0,,0,15,,,2666,94.9,95.37,57,57,0,0.5,6.68,106,154,112,148,303,326,295
57,657248,"Otto, Glenn",2229,2.6,0,0,,0,0,0,,0,19,,,2278,92.8,93.81,57,57,0,1,6.85,114,154,119,148,295,320,296
57,663372,"Feltner, Ryan",1675,3.4,0,0,,0,0,0,,0,22,,,2328,94.6,95.17,57,57,0,0.6000000000000085,6.41,110,152,121,147,304,326,300
57,672335,"Pérez, Cionel",901,6.3,0,0,,0,0,0,,0,19,,,2218,97.3,96.61,57,57,0,-0.7000000000000028,5.92,110,157,115,150,303,322,294
56,670036,"Festa, Matt",897,6.2,0,0,,0,0,0,,0,22,,,2337,92.7,92.94,56,56,0,0.20000000000000284,6.33,111,153,123,145,292,321,292
56,640462,"Puk, A.J.",1072,5.2,0,0,,0,0,0,,0,24,,,2304,96.9,97.94,56,56,0,1,7.04,109,151,117,149,303,323,294
55,605135,"Bassitt, Chris",2886,1.9,0,0,,0,0,0,,0,39,,,2202,93.6,93.58,55,55,0,0,6.21,112,156,124,148,299,326,301
55,657140,"Wright, Kyle",2697,2,0,0,,0,0,0,,0,19,,,2386,95.6,96.22,55,55,0,0.6000000000000085,6.6,113,151,120,152,300,327,308
55,543135,"Eovaldi, Nathan",1739,3.2,0,0,,0,0,0,,0,17,,,2126,96.1,96.56,55,55,0,0.5,6.68,110,157,117,151,295,330,295
55,669467,"Pallante, Andre",1753,3.1,0,0,,0,0,0,,0,24,,,2235,95.3,94.27,55,55,0,-1,6.56,111,153,122,148,298,322,300
54,621051,"Wilson, Steven",874,6.2,0,0,,0,0,0,,0,18,,,2392,95.4,96.11,54,54,0,0.6999999999999886,6.88,116,160,121,149,293,319,300
54,622098,"Smith, Drew",780,6.9,0,0,,0,0,0,,0,14,,,2498,95.8,94.96,54,54,0,-0.7999999999999972,5.89,110,156,117,149,302,327,302
54,676684,"Vest, Will",1083,5,0,0,,0,0,0,,0,13,,,2104,95.1,94.73,54,54,0,-0.3999999999999915,6.14,112,156,115,148,302,331,295
54,656793,"Nelson, Nick",1204,4.5,0,0,,0,0,0,,0,16,,,1992,96.5,96.38,54,54,0,-0.09999999999999432,6.28,111,149,118,145,295,325,289
54,571479,"Bellatti, Andrew",963,5.6,0,0,,0,0,0,,0,14,,,2437,94.3,93.31,54,54,0,-1,5.86,111,150,118,144,296,324,288
54,571800,"Hutchison, Drew",1759,3.1,0,0,,0,0,0,,0,14,,,2291,92.7,92.15,54,54,0,-0.3999999999999915,5.97,111,153,114,145,301,331,295
54,672851,"Adon, Joan",1204,4.5,0,0,,0,0,0,,0,18,,,2157,95.4,95.41,54,54,0,0,6.38,110,155,117,143,298,322,296
53,670167,"Schreiber, John",1020,5.2,0,0,,0,0,0,,0,27,,,2237,94.6,95.18,53,53,0,0.6000000000000085,6.59,111,157,122,151,289,327,295
53,456713,"Bush, Matt",909,5.8,0,0,,0,0,0,,0,21,,,2521,97.4,97.08,53,53,0,-0.30000000000001137,6.19,109,153,119,148,301,321,296
53,459429,"McGee, Jake",629,8.4,0,0,,0,0,0,,0,16,,,2088,94.8,94.23,53,53,0,-0.5999999999999943,6.08,106,149,118,146,296,317,292
53,596133,"Weaver, Luke",721,7.4,0,0,,0,0,0,,0,19,,,2398,95.2,88.78,53,53,0,-6.400000000000006,5.72,111,155,123,149,297,322,298
53,641793,"Littell, Zack",758,7,0,0,,0,0,0,,0,15,,,2135,94.4,94.87,53,53,0,0.5,6.52,109,153,117,148,299,322,293
53,656730,"Megill, Trevor",774,6.8,0,0,,0,0,0,,0,18,,,2457,98.2,98.75,53,53,0,0.5999999999999943,6.57,110,157,121,149,297,329,291
52,669169,"Heasley, Jonathan",1796,2.9,0,0,,0,0,0,,0,15,,,2316,93.5,91.61,52,52,0,-1.9000000000000057,6.25,105,156,113,148,297,324,303
52,571656,"Farmer, Buck",855,6.1,0,0,,0,0,0,,0,18,,,2324,94.7,90.65,52,52,0,-4.1000000000000085,6.09,105,148,126,143,294,319,289
52,641927,"Ober, Bailey",854,6.1,0,0,,0,0,0,,0,12,,,2304,91.7,92.81,52,52,0,1.0999999999999943,7.08,108,153,114,146,299,330,298
52,622554,"Domínguez, Seranthony",823,6.3,0,0,,0,0,0,,0,23,,,2356,97.8,97.65,52,52,0,-0.20000000000000284,6.26,108,150,120,146,297,326,288
51,518553,"Cishek, Steve",1175,4.3,0,0,,0,0,0,,0,25,,,2384,89.3,91.59,51,51,0,2.299999999999997,7.69,113,156,124,148,299,317,300
51,501985,"Minor, Mike",1750,2.9,0,0,,0,0,0,,0,19,,,2471,90.5,89.48,51,51,0,-1,5.57,111,149,116,147,293,319,286
51,656354,"Davis, Austin",1118,4.6,0,0,,0,0,0,,0,16,,,2271,94.1,94.01,51,51,0,-0.09999999999999432,6.3,108,153,122,150,289,326,294
51,686752,"Pepiot, Ryan",737,6.9,0,0,,0,0,0,,0,22,,,2410,94.2,95.14,51,51,0,0.8999999999999915,6.84,109,154,121,149,293,315,294
50,676664,"Sears, JP",1079,4.6,0,0,,0,0,0,,0,20,,,2156,93.3,93.5,50,50,0,0.20000000000000284,6.42,112,154,122,148,301,324,290
50,622608,"Senzatela, Antonio",1521,3.3,0,0,,0,0,0,,0,13,,,2157,94.4,94.38,50,50,0,0,6.08,109,153,119,149,301,329,303
49,596295,"Gomber, Austin",2059,2.4,0,0,,0,0,0,,0,20,,,2157,91.6,92.02,49,49,0,0.4000000000000057,6.5,107,150,122,144,306,329,295
49,592761,"Smith, Caleb",1234,4,0,0,,0,0,0,,0,8,,,2446,91.8,90.46,49,49,0,-1.2999999999999972,5.68,111,152,123,148,300,323,296
49,667427,"Jackson, Zach",887,5.5,0,0,,0,0,0,,0,16,,,2120,94.8,93.12,49,49,0,-1.7000000000000028,5.35,111,151,118,147,296,320,294
48,666159,"Manning, Matt",990,4.8,0,0,,0,0,0,,0,18,,,2074,93.6,94.7,48,48,0,1.1000000000000085,6.89,103,158,113,145,297,332,296
48,593576,"Neris, Héctor",1012,4.7,0,0,,0,0,0,,0,16,,,2453,94.1,93.6,48,48,0,-0.5,6.2,115,153,116,147,292,319,291
48,663432,"Rainey, Tanner",521,9.2,0,0,,0,0,0,,0,16,,,2413,97,96.89,48,48,0,-0.09999999999999432,6.39,115,154,120,143,303,318,300
47,606149,"Gallegos, Giovanny",988,4.8,0,0,,0,0,0,,0,19,,,2408,94.6,93.33,47,47,0,-1.2999999999999972,5.77,109,152,113,145,294,318,296
47,670970,"Morejon, Adrian",540,8.7,0,0,,0,0,0,,0,14,,,2505,96.9,97.25,47,47,0,0.29999999999999716,6.48,117,155,119,151,299,321,299
46,606424,"García, Jarlín",1015,4.5,0,0,,0,0,0,,0,15,,,2235,94,94.35,46,46,0,0.29999999999999716,6.5,109,150,120,147,301,323,295
46,682171,"Murfee, Penn",1003,4.6,0,0,,0,0,0,,0,16,,,2282,89.2,89.41,46,46,0,0.20000000000000284,6.32,113,155,122,147,293,323,294
46,669060,"Wilson, Bryse",1825,2.5,0,0,,0,0,0,,0,22,,,2036,92.9,93.27,46,46,0,0.3999999999999915,6.51,107,150,117,150,299,324,300
46,689225,"Brieske, Beau",1287,3.6,0,0,,0,0,0,,0,13,,,2373,94.5,93.49,46,46,0,-1,5.82,112,157,114,149,304,330,297
46,656657,"Logue, Zach",1022,4.5,0,0,,0,0,0,,0,20,,,2025,90.4,89.18,46,46,0,-1.2000000000000028,5.62,110,153,120,150,298,320,292
46,657265,"Strzelecki, Peter",605,7.6,0,0,,0,0,0,,0,12,,,2409,93.6,93.83,46,46,0,0.20000000000000284,6.44,109,151,120,143,294,320,297
45,664126,"Fairbanks, Pete",352,12.8,0,0,,0,0,0,,0,23,,,2525,98.9,99.23,45,45,0,0.29999999999999716,6.62,109,158,116,152,300,324,294
45,672391,"Ort, Kaleb",529,8.5,0,0,,0,0,0,,0,12,,,2190,96.3,95.8,45,45,0,-0.5,6.11,105,154,118,150,288,328,292
45,628452,"Iglesias, Raisel",979,4.6,0,0,,0,0,0,,0,24,,,2334,95.3,94.99,45,45,0,-0.29999999999999716,6.16,118,154,120,156,297,321,298
45,622251,"Staumont, Josh",731,6.2,0,0,,0,0,0,,0,13,,,2264,96.8,97.5,45,45,0,0.7000000000000028,6.69,111,153,119,147,305,326,300
44,670950,"Richards, Trevor",1163,3.8,0,0,,0,0,0,,0,15,,,2229,93.6,93.52,44,44,0,0,6.46,109,167,123,150,293,322,297
44,669276,"Lee, Dylan",754,5.8,0,0,,0,0,0,,0,16,,,2261,92.3,92.42,44,44,0,0.10000000000000853,6.41,113,154,126,147,307,321,298
44,623451,"Stephens, Jackson",944,4.7,0,0,,0,0,0,,0,18,,,2054,94.2,93.39,44,44,0,-0.7999999999999972,5.73,111,148,116,148,305,324,302
44,663559,"Falter, Bailey",1295,3.4,0,0,,0,0,0,,0,14,,,2105,91.4,93.25,44,44,0,1.8999999999999915,7.45,104,149,114,145,304,325,285
44,642397,"Soto, Gregory",1102,4,0,0,,0,0,0,,0,17,,,2375,98.7,99.16,44,44,0,0.5,6.63,112,155,112,148,299,330,296
44,663158,"Suarez, Robert",801,5.5,0,0,,0,0,0,,0,21,,,2294,98.2,98.76,44,44,0,0.7000000000000028,6.77,114,161,119,151,301,326,302
43,669424,"Lambert, Jimmy",818,5.3,0,0,,0,0,0,,0,15,,,2231,94.9,94,43,43,0,-0.9000000000000057,5.77,110,153,113,149,296,326,300
43,547973,"Chapman, Aroldis",679,6.3,0,0,,0,0,0,,0,12,,,2372,98.2,99.52,43,43,0,1.2999999999999972,7.14,111,155,120,150,294,326,289
43,669952,"White, Mitch",1715,2.5,0,0,,0,0,0,,0,13,,,2298,93.8,93.72,43,43,0,-0.09999999999999432,6.34,113,158,121,150,298,319,297
43,621074,"Rucker, Michael",914,4.7,0,0,,0,0,0,,0,12,,,2298,95.3,88.47,43,43,0,-6.799999999999997,6.19,107,152,120,150,302,322,288
43,502179,"Espino, Paolo",1873,2.3,0,0,,0,0,0,,0,19,,,2245,88.8,89.09,43,43,0,0.29999999999999716,6.53,115,157,126,145,303,320,294
43,656529,"Hentges, Sam",944,4.6,0,0,,0,0,0,,0,14,,,2259,95.9,96.66,43,43,0,0.7999999999999972,6.7,111,150,117,147,295,314,288
43,594577,"Mayers, Mike",890,4.8,0,0,,0,0,0,,0,17,,,2308,93.7,93.39,43,43,0,-0.29999999999999716,6.17,114,156,119,152,297,322,291
43,608379,"Wacha, Michael",1949,2.2,0,0,,0,0,0,,0,18,,,2109,93.4,93.84,43,43,0,0.3999999999999915,6.63,115,166,119,153,293,328,296
42,621383,"Banks, Tanner",897,4.7,0,0,,0,0,0,,0,19,,,2315,93.2,92.56,42,42,0,-0.6000000000000085,5.78,107,150,113,147,294,326,297
42,642758,"Acevedo, Domingo",1005,4.2,0,0,,0,0,0,,0,13,,,2097,93,91.82,42,42,0,-1.2000000000000028,5.73,114,152,118,145,296,320,297
42,598287,"Ramirez, Noé",837,5,0,0,,0,0,0,,0,18,,,2190,90,89.4,42,42,0,-0.5999999999999943,6.01,111,150,127,147,303,322,296
42,672578,"Hernández, Carlos",1035,4.1,0,0,,0,0,0,,0,7,,,2398,97.2,88.25,42,42,0,-9,6.6,107,152,111,145,296,321,299
42,593958,"Rodriguez, Eduardo",1469,2.9,0,0,,0,0,0,,0,18,,,2163,91.9,91.9,42,42,0,0,6.13,110,157,119,148,301,329,294
41,622694,"Hernandez, Elieser",1095,3.7,0,0,,0,0,0,,0,14,,,2123,91.9,92.02,41,41,0,0.09999999999999432,6.6,111,161,126,152,298,316,294
41,676714,"Hughes, Brandon",973,4.2,0,0,,0,0,0,,0,17,,,2285,93.3,93.1,41,41,0,-0.20000000000000284,6.26,109,151,119,155,296,320,294
40,642121,"Sulser, Cole",619,6.5,0,0,,0,0,0,,0,9,,,2234,92.1,92.77,40,40,0,0.7000000000000028,6.75,106,153,122,148,301,321,295
39,624133,"Suárez, Ranger",2564,1.5,0,0,,0,0,0,,0,12,,,1919,93.3,93.1,39,39,0,-0.20000000000000284,6.14,106,150,123,144,301,327,288
39,663558,"Moran, Jovani",672,5.8,0,0,,0,0,0,,0,12,,,2209,93.2,93.94,39,39,0,0.7000000000000028,6.68,116,158,121,151,298,327,288
39,662253,"Muñoz, Andrés",1024,3.8,0,0,,0,0,0,,0,14,,,2290,100.2,100.42,39,39,0,0.20000000000000284,6.39,116,153,125,150,289,323,299
39,641582,"Foster, Matt",768,5.1,0,0,,0,0,0,,0,13,,,2251,93.7,93.27,39,39,0,-0.4000000000000057,6.14,104,149,113,144,296,323,296
39,686610,"Waldichuk, Ken",586,6.7,0,0,,0,0,0,,0,15,,,2367,94.4,95.34,39,39,0,0.8999999999999915,6.96,112,153,117,149,302,322,293
39,607259,"Martinez, Nick",1720,2.3,0,0,,0,0,0,,0,18,,,2355,93.8,92.86,39,39,0,-0.8999999999999915,5.88,108,160,120,152,293,323,305
38,665621,"García, Rony",885,4.3,0,0,,0,0,0,,0,16,,,2348,93.2,92.79,38,38,0,-0.4000000000000057,6.24,114,158,122,149,305,330,294
38,664139,"Gibaut, Ian",694,5.5,0,0,,0,0,0,,0,16,,,2268,95.8,91.76,38,38,0,-4,6.88,107,151,122,146,291,320,291
38,605507,"Thompson, Zach",2080,1.8,0,0,,0,0,0,,0,12,,,2390,92.5,92.5,38,38,0,0,6.19,111,152,117,149,297,325,302
38,682051,"Hill, Garrett",1019,3.7,0,0,,0,0,0,,0,17,,,2154,92.7,92.84,38,38,0,0.09999999999999432,6.36,108,158,120,146,298,331,293
38,656412,"Faedo, Alex",967,3.9,0,0,,0,0,0,,0,14,,,2225,92.9,91.98,38,38,0,-0.9000000000000057,5.85,113,157,115,149,301,329,293
38,641401,"Brogdon, Connor",710,5.4,0,0,,0,0,0,,0,16,,,2299,95.4,96.42,38,38,0,1,7.02,111,153,124,144,297,325,290
37,608328,"De Jong, Chase",1174,3.2,0,0,,0,0,0,,0,12,,,2434,92.8,92.23,37,37,0,-0.5999999999999943,6.02,109,153,117,149,299,323,296
37,600917,"Leclerc, José",782,4.7,0,0,,0,0,0,,0,14,,,2675,96.9,95.14,37,37,0,-1.8000000000000114,5.35,111,153,120,146,300,322,295
37,606303,"Payamps, Joel",952,3.9,0,0,,0,0,0,,0,11,,,2383,95.2,94.65,37,37,0,-0.6000000000000085,5.94,108,151,117,147,302,322,304
37,605194,"Cotton, Jharel",741,5,0,0,,0,0,0,,0,5,,,2278,92.8,91.3,37,37,0,-1.5,5.41,113,156,114,147,298,324,290
36,676760,"Marinaccio, Ron",757,4.8,0,0,,0,0,0,,0,13,,,2338,94.9,95.06,36,36,0,0.19999999999998863,6.61,111,153,120,150,294,325,288
36,656546,"Hoffman, Jeff",848,4.2,0,0,,0,0,0,,0,12,,,2458,94.3,94.38,36,36,0,0.10000000000000853,6.45,117,157,130,145,292,319,293
36,643511,"Rogers, Tyler",1166,3.1,0,0,,0,0,0,,0,9,,,1914,83.2,79.88,36,36,0,-3.299999999999997,5.95,110,151,116,149,296,322,292
36,669270,"Kuhnel, Joel",934,3.9,0,0,,0,0,0,,0,14,,,2235,96.6,95.12,36,36,0,-1.5,6.98,113,151,123,144,292,321,291
36,674072,"Henry, Tommy",773,4.7,0,0,,0,0,0,,0,10,,,2205,91.7,92.11,36,36,0,0.3999999999999915,6.55,110,154,124,148,300,321,295
36,621381,"Strahm, Matt",764,4.7,0,0,,0,0,0,,0,15,,,2299,94.4,94.17,36,36,0,-0.20000000000000284,6.29,106,153,117,149,296,328,291
36,643377,"Jax, Griffin",1157,3.1,0,0,,0,0,0,,0,8,,,2405,95.6,94.8,36,36,0,-0.7000000000000028,5.88,109,156,117,150,297,329,292
35,670124,"Oller, Adam",1294,2.7,0,0,,0,0,0,,0,7,,,2260,93.3,93.15,35,35,0,-0.09999999999999432,6.21,112,153,109,150,298,322,296
35,676265,"Abbott, Cory",845,4.1,0,0,,0,0,0,,0,14,,,2247,91.2,90.85,35,35,0,-0.29999999999999716,6.27,109,150,126,149,295,318,300
34,641712,"Hudson, Dakota",2253,1.5,0,0,,0,0,0,,0,9,,,2156,91.4,91.56,34,34,0,0.19999999999998863,6.36,112,155,110,147,297,323,300
34,503285,"O'Day, Darren",385,8.8,0,0,,0,0,0,,0,18,,,2380,86,86.7,34,34,0,0.7000000000000028,6.71,113,154,126,147,305,328,300
34,598264,"Barnes, Matt",693,4.9,0,0,,0,0,0,,0,9,,,2252,95.2,95.92,34,34,0,0.7000000000000028,6.82,115,157,121,149,291,328,296
34,622250,"Sborz, Josh",419,8.1,0,0,,0,0,0,,0,8,,,2349,97,96.2,34,34,0,-0.7999999999999972,5.91,110,153,118,149,300,325,295
34,670090,"Mills, Wyatt",503,6.8,0,0,,0,0,0,,0,8,,,2021,91.8,92.57,34,34,0,0.7999999999999972,6.8,117,161,125,149,298,325,298
34,668948,"McCarty, Kirk",574,5.9,0,0,,0,0,0,,0,12,,,2335,92.7,92.24,34,34,0,-0.5,6.12,103,150,121,148,299,318,292
33,502042,"Archer, Chris",1787,1.8,0,0,,0,0,0,,0,6,,,2195,93.5,93.43,33,33,0,-0.09999999999999432,6.27,110,157,117,151,301,334,290
33,543243,"Gray, Sonny",1872,1.8,0,0,,0,0,0,,0,7,,,2495,92,92.6,33,33,0,0.5999999999999943,6.5,116,161,116,152,295,330,291
33,669674,"Long, Sam",739,4.5,0,0,,0,0,0,,0,11,,,2215,94.7,94.31,33,33,0,-0.4000000000000057,6.09,109,152,117,148,298,320,293
33,656970,"Smeltzer, Devin",1129,2.9,0,0,,0,0,0,,0,12,,,2274,89.2,88.27,33,33,0,-0.9000000000000057,5.78,110,155,118,148,295,327,291
32,663776,"Sandoval, Patrick",2456,1.3,0,0,,0,0,0,,0,10,,,2050,93.6,92.93,32,32,0,-0.6999999999999886,5.93,105,152,119,147,300,326,291
32,600921,"Machado, Andres",997,3.2,0,0,,0,0,0,,0,14,,,2109,95.4,96.19,32,32,0,0.7999999999999972,6.75,117,155,121,149,298,316,296
32,592789,"Syndergaard, Noah",2026,1.6,0,0,,0,0,0,,0,14,,,2106,93.9,94.57,32,32,0,0.6999999999999886,6.72,116,151,114,155,295,322,295
32,666200,"Luzardo, Jesús",1644,1.9,0,0,,0,0,0,,0,13,,,2227,96.8,95.6,32,32,0,-1.2000000000000028,5.77,106,155,120,150,300,315,292
32,641627,"Gott, Trevor",761,4.2,0,0,,0,0,0,,0,15,,,2220,95.4,94.8,32,32,0,-0.6000000000000085,6.1,106,154,122,148,295,317,294
32,656756,"Montgomery, Jordan",2715,1.2,0,0,,0,0,0,,0,14,,,2307,93,93.63,32,32,0,0.5999999999999943,6.6,112,155,123,148,302,322,293
32,543339,"Hudson, Daniel",406,7.9,0,0,,0,0,0,,0,10,,,2426,97.1,96.86,32,32,0,-0.19999999999998863,6.34,111,152,110,148,294,319,297
32,663436,"Martin, Davis",1044,3.1,0,0,,0,0,0,,0,12,,,2374,94.6,95.08,32,32,0,0.5,6.5,112,152,112,148,301,325,300
32,596112,"Stephenson, Robert",914,3.5,0,0,,0,0,0,,0,4,,,2404,97.3,97.26,32,32,0,0,6.22,111,150,112,149,298,327,304
32,475479,"Phelps, David",1151,2.8,0,0,,0,0,0,,0,12,,,2374,93.2,91.22,32,32,0,-2,5.33,113,151,119,149,301,319,290
31,641302,"Alexander, Tyler",1591,1.9,0,0,,0,0,0,,0,12,,,2266,90,89.94,31,31,0,-0.09999999999999432,6.22,104,151,115,143,299,327,292
31,608678,"Leone, Dominic",826,3.8,0,0,,0,0,0,,0,11,,,2348,95.7,96.15,31,31,0,0.3999999999999915,6.46,107,151,118,147,300,322,292
31,608648,"Duffey, Tyler",741,4.2,0,0,,0,0,0,,0,16,,,2262,92,92.25,31,31,0,0.20000000000000284,6.39,109,155,118,147,302,328,290
31,477132,"Kershaw, Clayton",1842,1.7,0,0,,0,0,0,,0,7,,,2417,91.1,91.23,31,31,0,0.10000000000000853,6.44,115,158,116,149,294,312,295
31,664199,"Clarke, Taylor",859,3.6,0,0,,0,0,0,,0,11,,,2290,95.5,95.05,31,31,0,-0.4000000000000057,6.11,115,159,118,149,303,324,299
31,650633,"King, Michael",776,4,0,0,,0,0,0,,0,16,,,2448,96.3,96.04,31,31,0,-0.29999999999999716,6.25,116,159,122,151,293,329,293
31,607625,"Lugo, Seth",1079,2.9,0,0,,0,0,0,,0,14,,,2296,94.8,94.2,31,31,0,-0.5999999999999943,6.01,111,155,121,150,299,329,301
30,666721,"Castillo, Max",697,4.3,0,0,,0,0,0,,0,10,,,2175,93.1,93.67,30,30,0,0.6000000000000085,6.72,111,160,123,149,284,323,296
30,677053,"Nardi, Andrew",374,8,0,0,,0,0,0,,0,9,,,2308,94.6,95.22,30,30,0,0.6000000000000085,6.78,108,147,116,145,302,314,290
30,596057,"Norris, Daniel",1012,3,0,0,,0,0,0,,0,12,,,2348,91.2,90.59,30,30,0,-0.6000000000000085,5.91,110,151,123,153,294,323,294
30,543507,"May, Trevor",465,6.5,0,0,,0,0,0,,0,11,,,2294,96.1,97.28,30,30,0,1.2000000000000028,7.04,110,155,114,149,294,328,301
29,547179,"Lorenzen, Michael",1654,1.8,0,0,,0,0,0,,0,16,,,2468,94.9,93.98,29,29,0,-0.9000000000000057,5.87,114,155,120,159,292,321,294
29,571670,"Floro, Dylan",863,3.4,0,0,,0,0,0,,0,13,,,2186,92.8,92.6,29,29,0,-0.20000000000000284,6.33,109,154,121,151,298,317,294
29,666374,"Brash, Matt",935,3.1,0,0,,0,0,0,,0,6,,,2204,96.9,96.87,29,29,0,0,6.33,114,154,118,148,292,321,295
29,642152,"Trivino, Lou",955,3,0,0,,0,0,0,,0,13,,,1994,95.7,95.81,29,29,0,0.09999999999999432,6.42,109,151,118,148,296,322,291
29,656427,"Flaherty, Jack",662,4.4,0,0,,0,0,0,,0,11,,,2308,94.3,95.64,29,29,0,1.2999999999999972,6.92,110,150,111,147,300,318,295
28,663485,"Sands, Cole",603,4.6,0,0,,0,0,0,,0,11,,,2237,91.8,90.5,28,28,0,-1.2999999999999972,5.33,110,156,117,149,295,327,291
28,663989,"Vespi, Nick",446,6.3,0,0,,0,0,0,,0,7,,,2273,88.4,87.5,28,28,0,-0.9000000000000057,5.76,112,162,112,150,303,320,294
28,656794,"Newcomb, Sean",552,5.1,0,0,,0,0,0,,0,13,,,2345,94.1,73.15,28,28,0,-21,5.7,108,149,122,149,302,318,286
28,680739,"Winder, Josh",1114,2.5,0,0,,0,0,0,,0,7,,,2044,94.1,93.07,28,28,0,-1,5.74,114,156,110,148,298,327,290
28,659262,"Espinoza, Anderson",375,7.5,0,0,,0,0,0,,0,8,,,1886,93.9,80.4,28,28,0,-13.5,6.15,106,150,121,155,296,319,291
28,543238,"Gose, Anthony",389,7.2,0,0,,0,0,0,,0,5,,,2271,97.5,93.54,28,28,0,-4,6.05,111,151,117,147,292,314,287
28,656420,"Feyereisen, J.P.",344,8.1,0,0,,0,0,0,,0,10,,,2388,92.5,91.37,28,28,0,-1.0999999999999943,5.84,108,173,116,151,308,328,301
27,657612,"Hill, Tim",745,3.6,0,0,,0,0,0,,0,13,,,2217,91.9,92.35,27,27,0,0.5,6.85,120,155,120,152,294,316,296
27,670912,"Oviedo, Johan",980,2.8,0,0,,0,0,0,,0,6,,,2278,96.5,97.93,27,27,0,1.4000000000000057,7.1,111,156,115,149,302,323,295
27,570663,"Robles, Hansel",422,6.4,0,0,,0,0,0,,0,9,,,2324,96.3,96.11,27,27,0,-0.20000000000000284,6.25,115,159,120,152,294,329,296
27,666129,"Garrett, Braxton",1436,1.9,0,0,,0,0,0,,0,9,,,2334,91.8,91.85,27,27,0,0.10000000000000853,6.43,100,151,122,149,298,316,289
27,606625,"Moronta, Reyes",641,4.2,0,0,,0,0,0,,0,8,,,2362,95.4,95.7,27,27,0,0.29999999999999716,6.41,108,152,120,148,299,317,290
26,519293,"Smith, Will",985,2.6,0,0,,0,0,0,,0,12,,,2158,92.2,91.9,26,26,0,-0.29999999999999716,6.23,105,150,119,142,304,327,291
26,544727,"Familia, Jeurys",817,3.2,0,0,,0,0,0,,0,13,,,2302,95.7,95.12,26,26,0,-0.6000000000000085,5.87,112,154,119,148,295,329,293
26,571578,"Corbin, Patrick",2623,1,0,0,,0,0,0,,0,6,,,2132,92.5,93.19,26,26,0,0.7000000000000028,6.72,103,154,121,141,304,319,295
26,456034,"Price, David",596,4.4,0,0,,0,0,0,,0,6,,,1914,92.7,92.38,26,26,0,-0.29999999999999716,6.02,109,153,122,147,301,316,290
25,642545,"Barría, Jaime",1123,2.2,0,0,,0,0,0,,0,10,,,2277,92.3,91.94,25,25,0,-0.3999999999999915,6.07,114,155,122,155,297,325,294
25,643338,"Green, Chad",241,10.4,0,0,,0,0,0,,0,10,,,2410,94.6,94.97,25,25,0,0.4000000000000057,6.69,110,157,120,150,300,328,291
25,621107,"Eflin, Zach",1194,2.1,0,0,,0,0,0,,0,10,,,2187,93.3,93.84,25,25,0,0.5,6.69,112,151,134,142,294,331,297
25,664294,"Moreta, Dauri",613,4.1,0,0,,0,0,0,,0,11,,,2244,96.1,96.2,25,25,0,0.10000000000000853,6.31,115,156,127,146,294,318,288
24,501381,"Pineda, Michael",731,3.3,0,0,,0,0,0,,0,8,,,1941,90.1,90.01,24,24,0,-0.09999999999999432,6.26,113,162,112,150,299,329,294
24,668868,"Thompson, Zack",575,4.2,0,0,,0,0,0,,0,6,,,2025,95.6,96.47,24,24,0,0.9000000000000057,6.75,113,153,119,149,302,319,298
24,676886,"Beasley, Jeremy",271,8.9,0,0,,0,0,0,,0,10,,,2450,95.5,95.45,24,24,0,0,6.32,105,150,130,149,287,318,297
24,607216,"Krehbiel, Joey",977,2.5,0,0,,0,0,0,,0,8,,,2199,94.4,94.19,24,24,0,-0.20000000000000284,6.21,109,155,110,148,296,321,295
24,656686,"Martin, Corbin",429,5.6,0,0,,0,0,0,,0,9,,,2276,94,93.91,24,24,0,-0.09999999999999432,6.36,110,155,129,148,308,320,299
24,656257,"Brigham, Jeff",419,5.7,0,0,,0,0,0,,0,7,,,2299,94.7,94.15,24,24,0,-0.5,6.09,114,154,116,150,297,314,291
23,543294,"Hendricks, Kyle",1347,1.7,0,0,,0,0,0,,0,8,,,2034,87.1,86.15,23,23,0,-1,5.67,110,152,117,164,300,321,296
23,617228,"Sawamura, Hirokazu",838,2.7,0,0,,0,0,0,,0,5,,,2075,96,96.04,23,23,0,0,6.3,113,154,119,151,292,329,296
23,663978,"Paddack, Chris",367,6.3,0,0,,0,0,0,,0,9,,,2178,92.9,93.66,23,23,0,0.7999999999999972,6.8,106,154,111,148,301,333,295
23,657508,"Baumann, Mike",580,4,0,0,,0,0,0,,0,5,,,2206,95.6,91.68,23,23,0,-3.8999999999999915,6.44,105,154,117,149,301,318,293
23,663752,"Morris, Cody",404,5.7,0,0,,0,0,0,,0,4,,,2557,94.7,95.18,23,23,0,0.5,6.5,106,150,116,146,300,309,286
23,657093,"Watkins, Spenser",1642,1.4,0,0,,0,0,0,,0,7,,,2254,91.4,91.51,23,23,0,0.09999999999999432,6.23,108,156,109,149,299,323,297
23,656353,"Davidson, Tucker",912,2.5,0,0,,0,0,0,,0,1,,,1994,93.4,93.38,23,23,0,0,6.28,105,153,118,146,301,324,290
22,592741,"Shreve, Chasen",474,4.6,0,0,,0,0,0,,0,6,,,2356,90.9,90.7,22,22,0,-0.20000000000000284,6.29,111,159,119,148,296,326,298
22,675921,"Howard, Spencer",692,3.2,0,0,,0,0,0,,0,8,,,2190,94.2,94.48,22,22,0,0.29999999999999716,6.5,112,155,120,147,302,323,295
22,650893,"Cabrera, Génesis",736,3,0,0,,0,0,0,,0,7,,,2270,96.5,96.39,22,22,0,-0.09999999999999432,6.29,112,154,115,147,293,318,298
22,657756,"Seabold, Connor",370,5.9,0,0,,0,0,0,,0,6,,,2083,92.2,91.45,22,22,0,-0.7000000000000028,6.02,106,154,114,148,294,329,295
22,661383,"Ortega, Oliver",567,3.9,0,0,,0,0,0,,0,12,,,2310,95.9,95.08,22,22,0,-0.8000000000000114,5.84,116,151,121,152,296,322,292
22,595345,"Okert, Steven",968,2.3,0,0,,0,0,0,,0,7,,,2233,93.9,93.62,22,22,0,-0.30000000000001137,6.33,109,151,121,151,299,324,299
22,542585,"Cisnero, José",430,5.1,0,0,,0,0,0,,0,9,,,2469,95.6,95.53,22,22,0,-0.09999999999999432,6.19,107,157,123,145,299,331,294
22,640444,"Crowe, Wil",1380,1.6,0,0,,0,0,0,,0,7,,,2501,95.4,95.67,22,22,0,0.29999999999999716,6.43,106,152,120,148,301,324,302
22,605242,"Fulmer, Michael",1043,2.1,0,0,,0,0,0,,0,6,,,2308,94.2,94.53,22,22,0,0.29999999999999716,6.52,112,157,116,149,300,329,296
22,669461,"Liberatore, Matthew",650,3.4,0,0,,0,0,0,,0,7,,,2125,94,94.35,22,22,0,0.29999999999999716,6.42,108,150,118,148,305,325,294
21,605288,"Houser, Adrian",1848,1.1,0,0,,0,0,0,,0,10,,,2230,94.8,95.09,21,21,0,0.29999999999999716,6.52,108,148,125,145,294,318,295
21,608716,"Steckenrider, Drew",286,7.3,0,0,,0,0,0,,0,5,,,2291,94.3,93.75,21,21,0,-0.5,6.09,103,149,117,145,301,318,294
21,656557,"Houck, Tanner",918,2.3,0,0,,0,0,0,,0,10,,,2137,95.1,94.94,21,21,0,-0.19999999999998863,6.23,116,155,117,152,292,328,295
21,605130,"Barlow, Scott",1198,1.8,0,0,,0,0,0,,0,6,,,2427,93.9,95.01,21,21,0,1.0999999999999943,6.75,114,154,119,146,310,326,304
21,666818,"Frías, Luis",356,5.9,0,0,,0,0,0,,0,5,,,2224,97.2,96.7,21,21,0,-0.5,6.21,109,149,122,145,297,320,293
21,446321,"Detwiler, Ross",471,4.5,0,0,,0,0,0,,0,9,,,2244,92.3,90.75,21,21,0,-1.5,5.49,104,150,119,146,292,319,287
21,663574,"Santillan, Tony",408,5.1,0,0,,0,0,0,,0,8,,,2223,96.8,96.28,21,21,0,-0.5,6.06,101,148,122,144,291,316,288
21,676050,"Naughton, Packy",562,3.7,0,0,,0,0,0,,0,11,,,2068,93.2,92.62,21,21,0,-0.6000000000000085,5.9,111,156,122,150,297,323,301
21,605525,"Wendelken, J.B.",488,4.3,0,0,,0,0,0,,0,6,,,2427,95,94.71,21,21,0,-0.29999999999999716,6.25,108,151,124,147,302,322,295
21,643493,"Pruitt, Austin",809,2.6,0,0,,0,0,0,,0,9,,,2256,91.4,90.5,21,21,0,-0.9000000000000057,5.7,112,152,122,148,301,323,294
20,607455,"Banda, Anthony",551,3.6,0,0,,0,0,0,,0,7,,,2150,95.3,95.02,20,20,0,-0.29999999999999716,6.21,104,149,116,146,302,322,297
20,607237,"Garrett, Amir",804,2.5,0,0,,0,0,0,,0,8,,,2255,94.7,94.69,20,20,0,0,6.29,104,151,111,145,308,326,301
20,608665,"Graveman, Kendall",1035,1.9,0,0,,0,0,0,,0,11,,,2390,96.8,96.68,20,20,0,-0.09999999999999432,6.22,108,149,113,146,294,325,298
20,621111,"Buehler, Walker",1046,1.9,0,0,,0,0,0,,0,5,,,2278,95.1,95.41,20,20,0,0.30000000000001137,6.47,107,153,116,149,296,314,293
20,650382,"Hernandez, Darwinzon",182,11,0,0,,0,0,0,,0,6,,,2355,94.3,90.89,20,20,0,-3.3999999999999915,6.94,118,155,121,150,293,328,294
20,663465,"Allard, Kolby",299,6.7,0,0,,0,0,0,,0,7,,,2124,91,90.75,20,20,0,-0.20000000000000284,6.26,111,152,117,148,303,326,293
20,666214,"Wentz, Joey",555,3.6,0,0,,0,0,0,,0,8,,,2284,93,92.82,20,20,0,-0.20000000000000284,6.23,102,152,110,149,300,328,293
20,593334,"Germán, Domingo",1081,1.9,0,0,,0,0,0,,0,4,,,2565,93,92.33,20,20,0,-0.7000000000000028,6.03,111,164,124,150,289,327,289
20,656464,"Ginkel, Kevin",479,4.2,0,0,,0,0,0,,0,6,,,2355,96.5,97.31,20,20,0,0.7999999999999972,6.87,110,148,115,148,300,321,297
20,605521,"Warren, Art",655,3.1,0,0,,0,0,0,,0,7,,,2272,93.4,93.73,20,20,0,0.29999999999999716,6.4,107,146,117,143,291,319,290
20,659275,"Lamet, Dinelson",583,3.4,0,0,,0,0,0,,0,3,,,2446,95.6,95.16,20,20,0,-0.3999999999999915,5.99,111,153,125,147,300,328,301
19,623485,"Goudeau, Ashton",375,5.1,0,0,,0,0,0,,0,4,,,2076,92.9,93.32,19,19,0,0.3999999999999915,6.42,104,149,122,145,305,328,302
19,669145,"Zimmermann, Bruce",1130,1.7,0,0,,0,0,0,,0,4,,,2328,90.8,90.4,19,19,0,-0.3999999999999915,6.08,112,157,117,151,303,320,299
19,661269,"Gutierrez, Vladimir",684,2.8,0,0,,0,0,0,,0,6,,,2157,93.6,93.98,19,19,0,0.4000000000000057,6.4,118,153,120,146,292,318,290
19,592804,"Thornburg, Tyler",362,5.2,0,0,,0,0,0,,0,6,,,2451,93.9,88.76,19,19,0,-5.1000000000000085,6.26,106,152,113,148,301,329,287
19,641871,"Middleton, Keynan",241,7.9,0,0,,0,0,0,,0,5,,,2357,95,95.31,19,19,0,0.29999999999999716,6.72,101,151,121,147,301,319,294
19,502043,"Gibson, Kyle",2739,0.7,0,0,,0,0,0,,0,4,,,2287,92.1,92.86,19,19,0,0.8000000000000114,6.73,107,150,117,148,302,331,293
19,642203,"Widener, Taylor",329,5.8,0,0,,0,0,0,,0,7,,,2236,94,94.56,19,19,0,0.5999999999999943,6.67,108,151,124,148,297,319,293
19,623465,"Phillips, Evan",923,2.1,0,0,,0,0,0,,0,11,,,2330,96.4,96.84,19,19,0,0.3999999999999915,6.5,114,156,117,150,297,317,291
18,669160,"May, Dustin",474,3.8,0,0,,0,0,0,,0,7,,,2389,98.4,98.86,18,18,0,0.5,6.59,119,160,119,151,291,314,301
18,664948,"Misiewicz, Anthony",465,3.9,0,0,,0,0,0,,0,8,,,2133,93.3,92.66,18,18,0,-0.5999999999999943,5.84,108,151,118,148,293,321,291
18,643410,"Leiter Jr., Mark",1086,1.7,0,0,,0,0,0,,0,3,,,1926,90.9,91.66,18,18,0,0.7999999999999972,6.63,102,156,121,153,304,323,298
18,668665,"Nogosek, Stephen",377,4.8,0,0,,0,0,0,,0,9,,,2300,95.3,94.99,18,18,0,-0.29999999999999716,6.33,103,151,121,150,296,326,295
18,663423,"Thornton, Trent",664,2.7,0,0,,0,0,0,,0,6,,,2446,94.2,93.94,18,18,0,-0.29999999999999716,6.16,110,150,124,147,298,316,289
18,657240,"Merryweather, Julian",417,4.3,0,0,,0,0,0,,0,3,,,2284,97.1,97.35,18,18,0,0.30000000000001137,6.59,104,150,123,150,300,322,293
18,680704,"Sandlin, Nick",740,2.4,0,0,,0,0,0,,0,9,,,2319,93.5,94.02,18,18,0,0.5,6.58,112,151,117,150,299,316,287
17,669084,"Hall, DL",269,6.3,0,0,,0,0,0,,0,6,,,2300,96.7,97.45,17,17,0,0.7000000000000028,6.84,108,150,117,148,304,317,290
17,669194,"Nelson, Ryne",253,6.7,0,0,,0,0,0,,0,5,,,2221,95.4,95.82,17,17,0,0.3999999999999915,6.66,114,151,123,151,293,320,295
17,657770,"Stout, Eric",450,3.8,0,0,,0,0,0,,0,6,,,2300,92.3,91.35,17,17,0,-0.8999999999999915,5.82,110,153,120,151,297,322,290
17,592717,"Sanchez, Aaron",1006,1.7,0,0,,0,0,0,,0,2,,,2194,93.1,94.14,17,17,0,1,6.88,119,162,112,151,295,322,287
17,573186,"Stroman, Marcus",2181,0.8,0,0,,0,0,0,,0,5,,,2380,92.4,91.92,17,17,0,-0.5,5.85,104,151,118,154,297,316,296
17,665795,"Cabrera, Edward",1215,1.4,0,0,,0,0,0,,0,8,,,2318,96.2,96.48,17,17,0,0.29999999999999716,6.49,109,156,118,151,298,320,292
17,642130,"Taylor, Blake",305,5.6,0,0,,0,0,0,,0,3,,,2374,92.8,93.48,17,17,0,0.7000000000000028,6.62,116,148,116,147,291,323,295
17,666142,"Ragans, Cole",706,2.4,0,0,,0,0,0,,0,7,,,2432,92.6,91.82,17,17,0,-0.7999999999999972,6.04,104,151,116,145,301,326,294
17,656803,"Norwood, James",370,4.6,0,0,,0,0,0,,0,6,,,2161,96.8,96.88,17,17,0,0.10000000000000853,6.49,109,149,127,137,296,328,294
17,621295,"Wittgren, Nick",481,3.5,0,0,,0,0,0,,0,6,,,2040,91.3,92.24,17,17,0,0.9000000000000057,6.95,108,149,115,144,303,326,299
17,661527,"Martinez, Seth",592,2.9,0,0,,0,0,0,,0,6,,,2224,92.2,93.07,17,17,0,0.8999999999999915,6.87,115,153,119,148,295,323,291
17,543272,"Hand, Brad",817,2.1,0,0,,0,0,0,,0,6,,,2354,92.4,91.05,17,17,0,-1.4000000000000057,5.63,106,151,120,142,298,324,290
17,686973,"Varland, Louie",411,4.1,0,0,,0,0,0,,0,6,,,2201,93.7,94.34,17,17,0,0.5999999999999943,6.76,113,158,118,151,290,322,285
16,681217,"Silseth, Chase",501,3.2,0,0,,0,0,0,,0,4,,,2328,95.6,94.89,16,16,0,-0.6999999999999886,5.94,114,153,115,152,297,321,291
16,669618,"Barlow, Joe",554,2.9,0,0,,0,0,0,,0,7,,,2387,94.9,94.42,16,16,0,-0.5,6.14,109,151,112,149,299,322,294
16,665871,"Assad, Javier",690,2.3,0,0,,0,0,0,,0,5,,,2192,92.6,92.97,16,16,0,0.4000000000000057,6.51,113,150,112,153,295,317,291
16,547001,"Poteet, Cody",448,3.6,0,0,,0,0,0,,0,7,,,2330,95,94.32,16,16,0,-0.7000000000000028,5.95,110,151,120,151,296,313,296
16,663378,"Szapucki, Thomas",291,5.5,0,0,,0,0,0,,0,6,,,2156,96,96.26,16,16,0,0.29999999999999716,6.4,115,151,114,152,294,324,302
16,664076,"Cleavinger, Garrett",347,4.6,0,0,,0,0,0,,0,10,,,2299,96.3,95.84,16,16,0,-0.5,6.18,100,156,121,148,302,322,294
16,678394,"Bello, Brayan",997,1.6,0,0,,0,0,0,,0,8,,,2236,97,97.14,16,16,0,0.09999999999999432,6.39,106,151,120,151,291,327,295
16,572193,"Tepera, Ryan",892,1.8,0,0,,0,0,0,,0,3,,,2183,92.3,92.38,16,16,0,0.10000000000000853,6.39,109,153,113,157,293,323,296
15,669713,"Wesneski, Hayden",495,3,0,0,,0,0,0,,0,6,,,2179,93.4,94.17,15,15,0,0.7999999999999972,6.75,111,157,121,149,302,319,293
15,519151,"Pressly, Ryan",711,2.1,0,0,,0,0,0,,0,6,,,2539,94.6,94.52,15,15,0,-0.09999999999999432,6.3,120,162,114,151,295,323,295
15,628708,"Marte, Yunior",856,1.8,0,0,,0,0,0,,0,8,,,2421,97.9,97.76,15,15,0,-0.10000000000000853,6.28,111,157,121,149,291,323,300
15,665645,"Castro, Kervin",239,6.3,0,0,,0,0,0,,0,1,,,2327,92.2,55.68,15,15,0,-36.5,6.9,105,150,120,144,303,317,286
15,425794,"Wainwright, Adam",3133,0.5,0,0,,0,0,0,,0,6,,,2237,88.2,88.81,15,15,0,0.5999999999999943,6.51,118,157,115,152,297,322,302
15,621112,"Blackburn, Paul",1762,0.9,0,0,,0,0,0,,0,11,,,2161,91.8,91.97,15,15,0,0.20000000000000284,6.35,110,150,121,145,294,317,298
15,545343,"Head, Louis",546,2.7,0,0,,0,0,0,,0,6,,,2194,94.1,93.87,15,15,0,-0.19999999999998863,6.15,107,156,123,151,304,319,297
14,669912,"Snead, Kirby",780,1.8,0,0,,0,0,0,,0,9,,,2505,93.9,93.58,14,14,0,-0.30000000000001137,6.22,102,149,117,146,303,323,289
14,660730,"Rodriguez, Elvin",534,2.6,0,0,,0,0,0,,0,6,,,2418,93,93.05,14,14,0,0,6.46,116,162,123,150,301,330,295
14,605177,"Chafin, Andrew",899,1.6,0,0,,0,0,0,,0,6,,,2114,91.9,92.26,14,14,0,0.3999999999999915,6.52,106,159,111,147,296,328,294
14,656887,"Reid-Foley, Sean",196,7.1,0,0,,0,0,0,,0,2,,,2277,96,96.91,14,14,0,0.9000000000000057,6.83,120,154,118,149,296,329,306
14,686613,"Brown, Hunter",309,4.5,0,0,,0,0,0,,0,4,,,2243,96.7,97.04,14,14,0,0.29999999999999716,6.56,120,158,114,153,287,325,294
14,572070,"Richards, Garrett",708,2,0,0,,0,0,0,,0,1,,,2306,94.2,93.98,14,14,0,-0.20000000000000284,6.09,112,154,117,150,300,325,295
14,605151,"Bradley, Archie",305,4.6,0,0,,0,0,0,,0,4,,,2143,93.7,93.7,14,14,0,0,6.46,115,151,118,172,296,327,297
14,669093,"Estrada, Jeremiah",117,12,0,0,,0,0,0,,0,4,,,2292,97,97.14,14,14,0,0.09999999999999432,6.59,109,152,114,150,305,321,289
14,622503,"Crismatt, Nabil",1062,1.3,0,0,,0,0,0,,0,5,,,2101,90.8,92.02,14,14,0,1.2000000000000028,7.06,114,161,127,149,301,323,301
13,493603,"Ottavino, Adam",1057,1.2,0,0,,0,0,0,,0,5,,,2400,94.3,95.22,13,13,0,0.9000000000000057,6.83,115,156,122,147,298,322,297
13,596071,"Peters, Dillon",634,2.1,0,0,,0,0,0,,0,6,,,2311,92.9,92.8,13,13,0,-0.10000000000000853,6.25,110,159,128,151,305,323,300
13,670990,"Ramirez, Yohan",620,2.1,0,0,,0,0,0,,0,3,,,2261,93.7,94.65,13,13,0,0.8999999999999915,6.9,105,145,108,143,292,316,291
13,667297,"Nance, Tommy",751,1.7,0,0,,0,0,0,,0,6,,,2378,93.8,93.85,13,13,0,0,6.33,109,154,131,150,290,318,294
13,595881,"Beede, Tyler",1072,1.2,0,0,,0,0,0,,0,4,,,2082,95.8,96.14,13,13,0,0.29999999999999716,6.48,110,149,113,150,297,323,299
13,657277,"Webb, Logan",3006,0.4,0,0,,0,0,0,,0,7,,,2073,92.3,93.23,13,13,0,0.9000000000000057,6.71,114,150,126,151,291,322,303
13,676194,"Tetreault, Jackson",365,3.6,0,0,,0,0,0,,0,4,,,2015,95.1,96.56,13,13,0,1.5,7.12,111,154,120,149,305,329,306
13,643290,"Dunn, Justin",540,2.4,0,0,,0,0,0,,0,5,,,2173,92.2,64.38,13,13,0,-27.799999999999997,6.67,114,149,118,148,297,324,290
13,643316,"Fry, Paul",232,5.6,0,0,,0,0,0,,0,4,,,2313,91.8,91.58,13,13,0,-0.20000000000000284,6.14,110,156,123,147,304,322,297
13,656986,"Sousa, Bennett",365,3.6,0,0,,0,0,0,,0,1,,,2078,94.2,93.95,13,13,0,-0.20000000000000284,6.18,109,154,104,150,300,328,303
13,675627,"Grove, Michael",472,2.8,0,0,,0,0,0,,0,5,,,2228,94.7,95.25,13,13,0,0.5999999999999943,6.55,113,155,117,150,303,320,297
13,502624,"Anderson, Chase",493,2.6,0,0,,0,0,0,,0,6,,,2213,91.9,91.35,13,13,0,-0.6000000000000085,5.91,105,157,121,148,293,318,290
13,663765,"Woodford, Jake",697,1.9,0,0,,0,0,0,,0,3,,,2192,92.2,92.62,13,13,0,0.3999999999999915,6.47,103,151,116,149,297,323,296
13,544365,"Bañuelos, Manny",718,1.8,0,0,,0,0,0,,0,6,,,2086,93.9,94.16,13,13,0,0.29999999999999716,6.5,114,150,122,151,297,320,287
12,669358,"Baz, Shane",444,2.7,0,0,,0,0,0,,0,6,,,2461,97.3,97.66,12,12,0,0.4000000000000057,6.62,111,167,118,150,295,326,301
12,570632,"Ureña, José",1622,0.7,0,0,,0,0,0,,0,7,,,2169,95.9,96,12,12,0,0.09999999999999432,6.24,114,153,129,147,307,328,303
12,570666,"Cessa, Luis",1235,1,0,0,,0,0,0,,0,3,,,2323,93.8,92.91,12,12,0,-0.8999999999999915,5.64,116,157,117,149,294,320,294
12,573668,"Minaya, Juan",174,6.9,0,0,,0,0,0,,0,2,,,2177,93.9,94.55,12,12,0,0.7000000000000028,6.67,115,159,114,149,302,334,289
12,686753,"Jameson, Drey",369,3.3,0,0,,0,0,0,,0,4,,,2258,96,94.68,12,12,0,-1.2999999999999972,5.73,112,151,120,151,301,324,292
12,672715,"Patiño, Luis",388,3.1,0,0,,0,0,0,,0,3,,,2283,95.3,96,12,12,0,0.7000000000000028,6.75,106,155,111,152,304,331,301
12,501925,"Smith, Joe",450,2.7,0,0,,0,0,0,,0,6,,,2050,85.8,86.08,12,12,0,0.29999999999999716,6.67,103,146,111,145,296,331,291
12,670174,"Winckowski, Josh",1194,1,0,0,,0,0,0,,0,5,,,2224,94,94.33,12,12,0,0.29999999999999716,6.51,116,160,123,153,290,327,295
12,664161,"Swarmer, Matt",657,1.8,0,0,,0,0,0,,0,4,,,1959,90.6,90.6,12,12,0,0,6.18,110,151,114,162,297,328,299
12,657272,"Uelmen, Erich",463,2.6,0,0,,0,0,0,,0,7,,,2149,93.9,86.95,12,12,0,-6.900000000000006,6.75,110,152,121,158,296,315,286
11,669459,"Nelson, Kyle",593,1.9,0,0,,0,0,0,,0,3,,,2226,92.1,91.67,11,11,0,-0.3999999999999915,5.99,111,153,127,146,300,319,301
11,657424,"Gage, Matt",187,5.9,0,0,,0,0,0,,0,5,,,2139,93.6,93.32,11,11,0,-0.29999999999999716,6.23,118,155,129,151,291,318,296
11,572955,"Johnson, Pierce",280,3.9,0,0,,0,0,0,,0,3,,,2190,94.7,93.5,11,11,0,-1.2000000000000028,5.79,110,156,130,151,295,321,301
11,657376,"Schmidt, Clarke",930,1.2,0,0,,0,0,0,,0,3,,,2505,94.4,94.32,11,11,0,-0.10000000000000853,6.14,114,156,110,152,290,325,291
11,642028,"Rogers, Josh",419,2.6,0,0,,0,0,0,,0,2,,,2061,90.1,89.87,11,11,0,-0.19999999999998863,6.18,109,152,116,144,308,329,296
11,682847,"Ortiz, Luis",275,4,0,0,,0,0,0,,0,5,,,2373,98.6,98.84,11,11,0,0.20000000000000284,6.46,102,153,120,147,295,320,289
11,621249,"Underwood Jr., Duane",1004,1.1,0,0,,0,0,0,,0,3,,,2271,96.2,96.5,11,11,0,0.29999999999999716,6.53,109,148,113,151,299,324,303
11,663804,"Kowar, Jackson",311,3.5,0,0,,0,0,0,,0,2,,,2247,95.9,95.75,11,11,0,-0.20000000000000284,6.24,106,161,119,146,301,322,298
11,572403,"VerHagen, Drew",419,2.6,0,0,,0,0,0,,0,2,,,2361,94.4,94.09,11,11,0,-0.30000000000001137,6.2,108,152,117,147,293,321,302
11,660813,"Graterol, Brusdar",675,1.6,0,0,,0,0,0,,0,5,,,2112,99.2,98.64,11,11,0,-0.6000000000000085,5.92,113,147,135,145,286,318,299
11,661563,"Gil, Luis",83,13.3,0,0,,0,0,0,,0,1,,,2507,96.8,97.71,11,11,0,0.9000000000000057,6.88,107,147,117,144,298,330,290
11,664202,"Cyr, Tyler",224,4.9,0,0,,0,0,0,,0,5,,,2174,94,95.59,11,11,0,1.5999999999999943,7.13,120,157,127,152,301,321,298
11,672911,"Cruz, Jesus",163,6.7,0,0,,0,0,0,,0,3,,,2172,94.9,94.33,11,11,0,-0.6000000000000085,6.08,114,153,128,144,300,328,300
11,667498,"Dugger, Robert",284,3.9,0,0,,0,0,0,,0,9,,,2084,89.8,89.55,11,11,0,-0.20000000000000284,6.15,105,146,122,144,297,320,289
10,665896,"Marte, Jose",265,3.8,0,0,,0,0,0,,0,2,,,2334,96.1,97.22,10,10,0,1.1000000000000085,6.99,117,160,127,154,297,325,294
10,541640,"Ramírez, Erasmo",1222,0.8,0,0,,0,0,0,,0,8,,,2167,93.5,93.71,10,10,0,0.20000000000000284,6.43,105,152,124,145,299,309,295
10,572125,"Selman, Sam",295,3.4,0,0,,0,0,0,,0,3,,,2182,89.4,90.1,10,10,0,0.6999999999999886,6.54,115,152,122,151,297,320,295
10,623211,"Brazoban, Huascar",631,1.6,0,0,,0,0,0,,0,4,,,2246,97.5,96.73,10,10,0,-0.7999999999999972,5.87,107,153,116,146,297,319,287
10,434671,"Sánchez, Aníbal",1232,0.8,0,0,,0,0,0,,0,1,,,2067,90.3,90.43,10,10,0,0.10000000000000853,6.29,119,157,128,149,299,317,299
10,666204,"Jiménez, Dany",539,1.9,0,0,,0,0,0,,0,5,,,2212,94.5,93.63,10,10,0,-0.8000000000000114,5.87,111,158,123,146,299,322,299
10,656457,"Gilbert, Tyler",564,1.8,0,0,,0,0,0,,0,4,,,2055,90.2,89.42,10,10,0,-0.7999999999999972,5.92,114,151,121,148,305,321,300
10,663629,"Small, Ethan",132,7.6,0,0,,0,0,0,,0,4,,,2233,91.9,92.75,10,10,0,0.8999999999999915,6.77,105,150,120,147,301,324,307
10,666205,"Muller, Kyle",233,4.3,0,0,,0,0,0,,0,4,,,2383,94,94.56,10,10,0,0.5999999999999943,6.57,115,153,120,149,312,320,293
10,676641,"Sulser, Beau",360,2.8,0,0,,0,0,0,,0,5,,,2380,93.6,93.39,10,10,0,-0.19999999999998863,6.41,109,158,121,150,300,320,293
10,642701,"Santana, Dennis",991,1,0,0,,0,0,0,,0,6,,,2474,97.5,96.58,10,10,0,-0.9000000000000057,5.87,112,154,122,148,298,321,299
9,592848,"Weiss, Zack",209,4.3,0,0,,0,0,0,,0,1,,,2485,94.8,94.47,9,9,0,-0.29999999999999716,6.16,111,156,129,150,298,322,287
9,676831,"Whitley, Kodi",272,3.3,0,0,,0,0,0,,0,5,,,2258,93.7,93.64,9,9,0,-0.10000000000000853,6.33,117,159,122,150,299,326,299
9,644364,"Arano, Víctor",678,1.3,0,0,,0,0,0,,0,5,,,2286,94.6,94.2,9,9,0,-0.3999999999999915,6.29,109,151,118,140,299,311,292
9,668338,"Miller, Tyson",228,3.9,0,0,,0,0,0,,0,1,,,2059,90.3,91.76,9,9,0,1.5,7.14,108,146,114,139,300,315,286
9,665665,"Sanmartin, Reiver",1031,0.9,0,0,,0,0,0,,0,2,,,2119,90.8,90.86,9,9,0,0.10000000000000853,6.38,115,154,126,146,297,319,291
9,664054,"Stashak, Cody",227,4,0,0,,0,0,0,,0,3,,,2188,91.1,90.38,9,9,0,-0.6999999999999886,6,108,158,122,151,298,335,297
9,621593,"Castro, Anthony",260,3.5,0,0,,0,0,0,,0,1,,,2453,94.9,96.16,9,9,0,1.2999999999999972,6.72,105,153,121,148,294,316,292
9,657585,"Garrett, Reed",196,4.6,0,0,,0,0,0,,0,2,,,2203,95.3,95.02,9,9,0,-0.29999999999999716,6.28,106,150,128,145,308,323,305
9,668684,"Tully, Tanner",116,7.8,0,0,,0,0,0,,0,1,,,1927,90.5,90.31,9,9,0,-0.20000000000000284,5.99,111,147,119,145,295,312,289
9,641755,"Kinley, Tyler",376,2.4,,,,,,,,,,,,2289,95.3,94.18,9,9,0,-1.0999999999999943,5.61,110,151,121,148,305,329,304
9,650204,"Ruiz, Norge",366,2.5,0,0,,0,0,0,,0,4,,,2161,93,93.26,9,9,0,0.29999999999999716,6.29,106,158,131,150,302,323,297
9,592390,"Hembree, Heath",396,2.3,0,0,,0,0,0,,0,3,,,2285,93.8,94.3,9,9,0,0.5,6.62,103,151,113,143,302,325,301
9,607457,"Barraclough, Kyle",139,6.5,0,0,,0,0,0,,0,3,,,2395,93.4,93.24,9,9,0,-0.20000000000000284,6.46,99,141,110,136,300,321,290
9,670810,"Gillaspie, Logan",262,3.4,0,0,,0,0,0,,0,3,,,2153,95.4,95.24,9,9,0,-0.20000000000000284,6.23,106,156,115,144,294,325,299
9,664944,"Vieaux, Cam",208,4.3,0,0,,0,0,0,,0,2,,,2245,93,92.68,9,9,0,-0.29999999999999716,6.01,113,156,111,148,293,322,299
8,570257,"Rodríguez, Joely",842,1,0,0,,0,0,0,,0,7,,,2043,92.6,92.4,8,8,0,-0.19999999999998863,6.28,109,156,123,148,296,329,301
8,641394,"Brentz, Jake",160,5,0,0,,0,0,0,,0,3,,,2266,96.6,97.34,8,8,0,0.7000000000000028,6.72,108,147,112,145,302,322,302
8,664123,"Effross, Scott",815,1,0,0,,0,0,0,,0,5,,,2239,91,89.86,8,8,0,-1.0999999999999943,6.03,113,159,133,166,287,320,291
8,656232,"Bielak, Brandon",226,3.5,0,0,,0,0,0,,0,4,,,2455,93.9,92.42,8,8,0,-1.5,5.53,109,150,119,144,290,323,288
8,656322,"Coonrod, Sam",236,3.4,0,0,,0,0,0,,0,3,,,2247,96.6,96.79,8,8,0,0.20000000000000284,6.49,113,149,112,149,287,324,292
8,683769,"Gaddis, Hunter",171,4.7,0,0,,0,0,0,,0,1,,,2167,93.8,94.46,8,8,0,0.7000000000000028,6.85,107,153,118,149,293,308,289
8,660906,"Perez, Francisco",205,3.9,0,0,,0,0,0,,0,4,,,2108,93.8,93.11,8,8,0,-0.7000000000000028,5.91,113,151,118,143,297,313,290
8,664042,"Lakins Sr., Travis",208,3.8,0,0,,0,0,0,,0,3,,,2171,94,93.7,8,8,0,-0.29999999999999716,6.03,107,151,113,144,306,316,285
8,657044,"Thompson, Ryan",679,1.2,0,0,,0,0,0,,0,7,,,2182,91.7,92.16,8,8,0,0.5,6.79,112,166,120,152,298,328,300
8,669854,"Blanco, Ronel",120,6.7,0,0,,0,0,0,,0,2,,,2295,95.4,96.5,8,8,0,1.0999999999999943,7.08,107,152,123,148,292,314,286
8,660623,"Ynoa, Huascar",147,5.4,0,0,,0,0,0,,0,1,,,2023,96.3,95.22,8,8,0,-1.0999999999999943,5.89,94,145,110,146,303,333,299
8,606930,"Barnes, Jacob",361,2.2,0,0,,0,0,0,,0,5,,,2402,94.8,95.51,8,8,0,0.7000000000000028,6.67,118,160,133,153,301,324,291
8,606965,"Devenski, Chris",241,3.3,0,0,,0,0,0,,0,2,,,2207,94.4,93.8,8,8,0,-0.6000000000000085,6.05,111,152,116,147,300,318,288
8,605347,"López, Jorge",1161,0.7,0,0,,0,0,0,,0,1,,,2109,97.4,97.65,8,8,0,0.29999999999999716,6.41,103,161,115,149,310,324,293
8,640470,"Alzolay, Adbert",193,4.1,0,0,,0,0,0,,0,1,,,2368,95,95.11,8,8,0,0.09999999999999432,6.45,114,154,114,150,296,322,285
8,547943,"Ryu, Hyun Jin",395,2,0,0,,0,0,0,,0,2,,,1970,89.7,89.95,8,8,0,0.20000000000000284,6.6,100,151,121,147,293,318,299
8,664337,"Yajure, Miguel",471,1.7,0,0,,0,0,0,,0,1,,,2392,93.2,92.7,8,8,0,-0.5,6.09,95,150,112,146,307,324,294
8,517008,"Colomé, Alex",803,1,,,,,,,,,,,,2097,94.6,94.6,8,8,0,0,6.14,110,154,126,145,306,330,305
7,642770,"Guerra, Javy",330,2.1,0,0,,0,0,0,,0,4,,,2404,98.5,97.5,7,7,0,-1,5.93,104,155,114,151,299,321,291
7,664141,"Brubaker, JT",2381,0.3,0,0,,0,0,0,,0,3,,,2141,92.2,90.74,7,7,0,-1.5,5.57,112,147,117,148,296,320,310
7,448281,"Doolittle, Sean",55,12.7,0,0,,0,0,0,,0,3,,,2269,93.9,93.8,7,7,0,-0.10000000000000853,6.29,120,159,132,148,279,314,298
7,543056,"Coulombe, Danny",230,3,,,,,,,,,,,,2435,91.5,90.61,7,7,0,-0.9000000000000057,5.86,101,146,111,145,299,336,291
7,658431,"Medina, Adonis",414,1.7,0,0,,0,0,0,,0,3,,,2367,93.3,92.73,7,7,0,-0.5999999999999943,5.96,113,155,124,149,304,330,298
7,676130,"Butto, Jose",98,7.1,0,0,,0,0,0,,0,2,,,2323,95.1,94.7,7,7,0,-0.3999999999999915,6.16,103,148,112,149,288,326,289
7,676103,"Jones, Damon",105,6.7,0,0,,0,0,0,,0,2,,,2192,92.5,92.54,7,7,0,0,6.13,107,154,115,148,294,322,280
7,608652,"Farrell, Luke",285,2.5,0,0,,0,0,0,,0,1,,,2367,90.4,90.73,7,7,0,0.29999999999999716,6.44,112,150,115,153,299,322,292
7,518748,"Grimm, Justin",277,2.5,0,0,,0,0,0,,0,2,,,2116,92.8,93.5,7,7,0,0.7000000000000028,6.93,112,152,120,151,302,320,299
7,667376,"Sánchez, Miguel",211,3.3,,,,,,,,,,,,2116,94.2,94.16,7,7,0,0,6.17,105,147,123,144,297,316,295
7,676720,"Romero, Tommy",191,3.7,0,0,,0,0,0,,0,1,,,1927,89.8,90.4,7,7,0,0.6000000000000085,6.73,116,155,119,150,299,317,297
7,527048,"Pérez, Martín",2979,0.2,,,,,,,,,,,,2026,92.2,91.37,7,7,0,-0.7999999999999972,5.86,107,153,115,148,301,321,294
7,675540,"Curry, Xzavion",165,4.2,0,0,,0,0,0,,0,2,,,2191,93.3,93,7,7,0,-0.29999999999999716,6.19,107,151,115,148,290,314,291
7,661255,"López, Yoan",195,3.6,0,0,,0,0,0,,0,1,,,2145,96.4,97.49,7,7,0,1.0999999999999943,6.84,112,152,120,150,300,327,298
7,503449,"Peralta, Wily",694,1,0,0,,0,0,0,,0,2,,,1951,95.9,95.01,7,7,0,-0.9000000000000057,5.84,94,150,117,146,304,331,295
7,642100,"Speier, Gabe",298,2.3,,,,,,,,,,,,2086,92.6,91.7,7,7,0,-0.8999999999999915,5.91,111,153,115,142,304,325,298
6,641743,"Kay, Anthony",39,15.4,0,0,,0,0,0,,0,3,,,2508,94.3,93.57,6,6,0,-0.7000000000000028,5.95,100,143,118,140,288,315,285
6,572703,"Bard, Luke",241,2.5,0,0,,0,0,0,,0,1,,,2590,94.5,94.57,6,6,0,0.09999999999999432,6.5,119,184,107,155,305,319,298
6,668970,"Hollowell, Gavin",143,4.2,0,0,,0,0,0,,0,2,,,2592,92.7,94.48,6,6,0,1.7999999999999972,7,104,150,134,146,311,332,295
6,671345,"Foley, Jason",961,0.6,0,0,,0,0,0,,0,4,,,2142,96.6,97.07,6,6,0,0.5,6.55,113,164,119,152,304,328,291
6,656578,"Jackson, Andre",156,3.8,0,0,,0,0,0,,0,3,,,2194,94.9,95.18,6,6,0,0.29999999999999716,6.42,106,158,118,146,303,311,291
6,607359,"Patton, Spencer",111,5.4,0,0,,0,0,0,,0,1,,,2043,92.6,92.48,6,6,0,-0.09999999999999432,6.35,114,149,114,145,304,323,298
6,670329,"Garcia, Rico",136,4.4,0,0,,0,0,0,,0,2,,,2348,95.9,95.28,6,6,0,-0.5,5.95,111,160,118,153,290,322,301
6,489119,"Miley, Wade",566,1.1,0,0,,0,0,0,,0,3,,,2282,89.7,89.52,6,6,0,-0.20000000000000284,6.05,112,151,118,153,300,319,286
6,594311,"Gustave, Jandel",466,1.3,0,0,,0,0,0,,0,3,,,2480,96.2,95.37,6,6,0,-0.7999999999999972,5.88,107,157,120,148,295,318,295
6,622766,"Diaz, Miguel",56,10.7,0,0,,0,0,0,,0,1,,,2316,95.6,94.47,6,6,0,-1.0999999999999943,5.72,113,149,110,147,295,326,307
6,641726,"Jefferies, Daulton",611,1,0,0,,0,0,0,,0,3,,,2143,92.3,91.48,6,6,0,-0.7999999999999972,5.85,114,154,121,152,291,315,294
6,571510,"Boyd, Matthew",192,3.1,0,0,,0,0,0,,0,2,,,2475,92.5,92.4,6,6,0,-0.09999999999999432,6.2,117,153,118,149,296,319,296
6,650959,"Diplán, Marcos",122,4.9,0,0,,0,0,0,,0,2,,,2272,93,93.98,6,6,0,1,6.9,116,163,127,150,291,322,298
6,571946,"Miller, Shelby",127,4.7,0,0,,0,0,0,,0,3,,,2295,94.4,95.63,6,6,0,1.1999999999999886,7.05,113,158,132,151,302,327,298
6,528748,"Castellanos, Humberto",748,0.8,0,0,,0,0,0,,0,2,,,2148,90.5,90.08,6,6,0,-0.4000000000000057,6.1,113,151,114,148,305,326,302
5,650644,"Civale, Aaron",1588,0.3,0,0,,0,0,0,,0,3,,,2321,91.3,90.84,5,5,0,-0.5,5.88,114,151,117,152,295,318,294
5,663753,"Knehr, Reiss",242,2.1,0,0,,0,0,0,,0,4,,,2433,93,94.26,5,5,0,1.2999999999999972,6.5,109,153,128,147,301,320,304
5,676917,"Cavalli, Cade",99,5.1,,,,,,,,,,,,2368,95.6,95.66,5,5,0,0.10000000000000853,6.18,110,159,128,142,296,314,303
5,671790,"Bolaños, Ronald",332,1.5,0,0,,0,0,0,,0,1,,,2201,92.2,93.02,5,5,0,0.7999999999999972,6.6,101,161,119,148,304,331,313
5,660825,"Bazardo, Eduard",236,2.1,0,0,,0,0,0,,0,1,,,2151,94.1,93.24,5,5,0,-0.8999999999999915,5.86,108,151,121,151,285,329,297
5,656061,"Abreu, Albert",707,0.7,0,0,,0,0,0,,0,2,,,2224,98.2,98.54,5,5,0,0.29999999999999716,6.54,106,154,124,151,302,328,295
5,649144,"Wells, Alex",66,7.6,0,0,,0,0,0,,0,2,,,2232,88.2,86.54,5,5,0,-1.7000000000000028,5.5,100,139,103,135,301,318,281
5,542947,"Bleier, Richard",768,0.7,0,0,,0,0,0,,0,3,,,2118,91.1,91.48,5,5,0,0.4000000000000057,6.58,106,152,119,150,302,319,291
5,664584,"Romero, Jhon",90,5.6,0,0,,0,0,0,,0,2,,,2045,94.1,92.98,5,5,0,-1.0999999999999943,5.82,103,132,101,133,303,335,293
5,656814,"Ortiz, Luis",118,4.2,0,0,,0,0,0,,0,2,,,2081,94.8,93.72,5,5,0,-1.0999999999999943,5.76,101,155,126,146,302,321,295
5,670426,"Diehl, Phillip",120,4.2,0,0,,0,0,0,,0,1,,,2298,90.8,89.46,5,5,0,-1.2999999999999972,5.56,126,152,110,148,291,320,295
5,596043,"Mengden, Daniel",119,4.2,0,0,,0,0,0,,0,4,,,2114,93.1,93.46,5,5,0,0.4000000000000057,6.44,100,158,117,146,310,325,307
5,605156,"Brooks, Aaron",154,3.2,0,0,,0,0,0,,0,3,,,2071,94.1,93.52,5,5,0,-0.5999999999999943,6.26,122,170,129,150,299,320,296
5,622103,"Reyes, Gerardo",47,10.6,,,,,,,,,,,,2458,96.5,95.16,5,5,0,-1.2999999999999972,5.64,111,153,116,150,288,322,291
5,605446,"Rodríguez, Dereck",99,5.1,0,0,,0,0,0,,0,3,,,2125,91.7,92.34,5,5,0,0.5999999999999943,6.52,114,155,132,151,301,326,286
5,677161,"Kelly, Zack",222,2.3,0,0,,0,0,0,,0,1,,,2193,94.6,94.88,5,5,0,0.30000000000001137,6.7,109,150,115,150,292,328,290
5,673316,"Barker, Luke",54,9.3,0,0,,0,0,0,,0,1,,,2303,91.1,91.22,5,5,0,0.10000000000000853,6.5,113,158,127,148,297,316,299
5,669920,"Alexander, Jason",1160,0.4,0,0,,0,0,0,,0,4,,,2223,93,92.98,5,5,0,0,6.28,108,151,129,146,293,317,298
5,656818,"Overton, Connor",469,1.1,,,,,,,,,,,,2173,91.1,90.74,5,5,0,-0.3999999999999915,6.08,120,158,113,148,295,320,290
5,663947,"Holton, Tyler",159,3.1,,,,,,,,,,,,2083,90,90.74,5,5,0,0.7000000000000028,6.58,104,151,110,145,307,322,299
5,644429,"Severino, Anderson",133,3.8,0,0,,0,0,0,,0,1,,,1880,96,95.66,5,5,0,-0.29999999999999716,6.06,99,143,108,142,292,316,292
5,592346,"González, Chi Chi",376,1.3,0,0,,0,0,0,,0,1,,,2310,91.9,91.62,5,5,0,-0.30000000000001137,6.06,109,154,109,151,296,318,291
5,676083,"Junk, Janson",159,3.1,0,0,,0,0,0,,0,4,,,2430,93.6,93.9,5,5,0,0.30000000000001137,6.38,108,154,129,155,291,322,294
4,596271,"Lawrence, Casey",297,1.3,0,0,,0,0,0,,0,2,,,2314,91.8,91.4,4,4,0,-0.3999999999999915,6.03,122,152,121,155,285,314,298
4,681464,"German, Franklin",84,4.8,0,0,,0,0,0,,0,2,,,2254,98.4,98.93,4,4,0,0.5,6.67,116,169,122,152,286,329,299
4,678061,"Kerr, Ray",88,4.5,0,0,,0,0,0,,0,1,,,2216,95.5,94.45,4,4,0,-1,5.97,118,169,137,152,296,316,298
4,676477,"Whitlock, Garrett",1166,0.3,0,0,,0,0,0,,0,2,,,2112,95.3,97.17,4,4,0,1.9000000000000057,7.3,110,161,110,153,286,326,301
4,641501,"Danish, Tyler",664,0.6,0,0,,0,0,0,,0,1,,,1834,91.6,90.08,4,4,0,-1.5,5.43,115,148,115,142,296,328,295
4,592169,"Brice, Austin",106,3.8,0,0,,0,0,0,,0,3,,,2226,93.5,92.35,4,4,0,-1.2000000000000028,5.65,108,149,129,150,292,317,298
4,542914,"Bass, Anthony",986,0.4,0,0,,0,0,0,,0,1,,,2000,95.4,95.45,4,4,0,0.09999999999999432,6.3,108,144,112,150,285,326,302
4,656786,"Mushinski, Parker",111,3.6,0,0,,0,0,0,,0,1,,,2390,91.6,91.88,4,4,0,0.30000000000001137,6.45,124,153,111,153,283,320,291
4,660593,"Reyes, Denyi",117,3.4,0,0,,0,0,0,,0,1,,,2170,93.1,94.28,4,4,0,1.2000000000000028,7,116,171,124,152,293,323,297
4,607192,"Glasnow, Tyler",114,3.5,0,0,,0,0,0,,0,1,,,2413,96.8,98.8,4,4,0,2,7.53,97,142,106,146,277,315,300
4,658551,"Fernández, Junior",333,1.2,0,0,,0,0,0,,0,2,,,2138,98.7,99.18,4,4,0,0.5,6.53,116,149,113,148,302,322,296
4,621082,"Lemoine, Jacob",298,1.3,0,0,,0,0,0,,0,2,,,2149,93.2,91.98,4,4,0,-1.2000000000000028,5.58,115,136,123,149,306,316,289
4,677960,"Weathers, Ryan",89,4.5,,,,,,,,,,,,2084,93.9,92.95,4,4,0,-0.7999999999999972,5.72,113,156,116,146,291,315,299
4,520980,"Báez, Pedro",73,5.5,0,0,,0,0,0,,0,1,,,2130,89.6,89.15,4,4,0,-0.29999999999999716,6.2,117,156,118,148,291,328,283
4,641907,"Murphy, Patrick",142,2.8,,,,,,,,,,,,2161,95.9,96.5,4,4,0,0.5999999999999943,6.67,103,140,117,140,296,314,284
4,680573,"Woods Richardson, Simeon",91,4.4,0,0,,0,0,0,,0,2,,,2245,90.8,91.25,4,4,0,0.5,6.6,116,157,128,154,292,311,286
4,571948,"Milner, Hoby",1088,0.4,0,0,,0,0,0,,0,4,,,2054,90.1,90.15,4,4,0,0.20000000000000284,6.55,103,156,128,148,301,327,303
4,660600,"Paredes, Enoli",57,7,0,0,,0,0,0,,0,2,,,2366,95.1,95.33,4,4,0,0.20000000000000284,6.38,117,150,119,149,294,326,289
4,615698,"Quantrill, Cal",2920,0.1,0,0,,0,0,0,,0,1,,,2217,93.6,94.03,4,4,0,0.4000000000000057,6.45,105,175,118,152,291,317,296
4,489446,"Yates, Kirby",137,2.9,0,0,,0,0,0,,0,1,,,2361,93.4,92.85,4,4,0,-0.6000000000000085,6,124,154,119,149,316,320,298
4,670046,"Rosenberg, Kenny",193,2.1,0,0,,0,0,0,,0,1,,,2066,90.9,90.1,4,4,0,-0.8000000000000114,5.83,123,153,130,167,292,328,294
4,622075,"Almonte, Yency",466,0.9,0,0,,0,0,0,,0,1,,,2192,96.1,97,4,4,0,0.9000000000000057,6.7,105,159,130,149,292,315,302
4,605463,"Scott, Tayler",255,1.6,0,0,,0,0,0,,0,2,,,2250,94.4,93.25,4,4,0,-1.2000000000000028,5.72,122,154,123,150,305,313,296
4,656290,"Carlton, Drew",120,3.3,0,0,,0,0,0,,0,3,,,2052,91.9,91.63,4,4,0,-0.20000000000000284,6,118,155,116,153,298,328,291
4,572971,"Keuchel, Dallas",1165,0.3,,,,,,,,,,,,2242,87.6,87.05,4,4,0,-0.5999999999999943,5.75,115,150,123,147,293,322,301
4,656685,"Martin, Brett",750,0.5,0,0,,0,0,0,,0,4,,,2182,93.6,93.77,4,4,0,0.20000000000000284,6.47,106,151,121,145,311,320,293
4,657745,"Rossman, Bubby",18,22.2,0,0,,0,0,0,,0,1,,,2205,97.8,97.83,4,4,0,0,6.47,106,150,124,145,310,333,288
4,621248,"Garza Jr., Ralph",514,0.8,0,0,,0,0,0,,0,1,,,2257,91.8,91.55,4,4,0,-0.29999999999999716,6.25,119,155,164,136,300,322,295
4,683232,"Mears, Nick",31,12.9,0,0,,0,0,0,,0,1,,,2400,96.3,97.22,4,4,0,0.9000000000000057,6.95,94,151,119,148,299,324,287
4,571882,"Law, Derek",352,1.1,0,0,,0,0,0,,0,2,,,2179,95.2,95.55,4,4,0,0.29999999999999716,6.53,121,152,115,144,291,323,299
4,667373,"Rondón, Angel",86,4.7,0,0,,0,0,0,,0,1,,,1990,92.4,93.17,4,4,0,0.7999999999999972,6.75,116,159,128,153,312,328,299
4,663554,"Mize, Casey",169,2.4,0,0,,0,0,0,,0,1,,,1966,93.8,94.75,4,4,0,1,7.03,100,146,120,141,312,324,284
4,657697,"Nittoli, Vinny",40,10,,,,,,,,,,,,2521,92.3,93.53,4,4,0,1.2000000000000028,6.97,117,160,115,150,294,324,292
4,518585,"Cruz, Fernando",260,1.5,0,0,,0,0,0,,0,2,,,2294,94.3,95.35,4,4,0,1,6.92,123,148,142,150,287,324,297
4,668941,"Romero, JoJo",271,1.5,0,0,,0,0,0,,0,1,,,2325,96.4,94.72,4,4,0,-1.7000000000000028,5.5,117,153,117,152,296,320,300
3,468504,"Chacín, Jhoulys",786,0.4,0,0,,0,0,0,,0,1,,,2400,92.9,92.77,3,3,0,-0.10000000000000853,5.97,113,152,126,150,314,335,301
3,681885,"Lee, Evan",165,1.8,0,0,,0,0,0,,0,2,,,2405,92.6,92.1,3,3,0,-0.5,5.97,121,154,120,145,305,332,302
3,666619,"Santos, Gregory",67,4.5,,,,,,,,,,,,2434,98.8,99.6,3,3,0,0.7999999999999972,6.83,108,153,110,146,296,331,295
3,641771,"Kuhl, Chad",2375,0.1,,,,,,,,,,,,2146,93.5,93.53,3,3,0,0,6.4,88,147,114,146,301,321,304
3,593619,"Tapia, Domingo",363,0.8,,,,,,,,,,,,2246,97.1,96.63,3,3,0,-0.5,6.07,118,153,129,153,301,322,295
3,664285,"Valdez, Framber",3018,0.1,0,0,,0,0,0,,0,1,,,2249,95.1,94.43,3,3,0,-0.6999999999999886,5.93,121,163,130,149,296,327,290
3,646242,"Diaz, Jhonathan",236,1.3,0,0,,0,0,0,,0,2,,,2146,91.4,92.27,3,3,0,0.8999999999999915,6.87,116,153,121,148,295,325,283
3,642659,"Espinal, Raynel",76,3.9,0,0,,0,0,0,,0,1,,,2428,93.3,93.77,3,3,0,0.5,6.57,122,159,138,150,287,318,295
3,458677,"Wilson, Justin",54,5.6,0,0,,0,0,0,,0,2,,,2280,94.3,93.73,3,3,0,-0.5999999999999943,5.97,112,153,122,149,316,324,297
3,623474,"Herget, Jimmy",996,0.3,0,0,,0,0,0,,0,2,,,2001,91.8,89.6,3,3,0,-2.200000000000003,5.07,120,162,116,151,296,318,297
3,642239,"Zastryzny, Rob",72,4.2,0,0,,0,0,0,,0,2,,,2398,92.3,93.17,3,3,0,0.9000000000000057,6.5,119,149,115,149,297,324,290
3,611093,"Bracho, Silvino",65,4.6,0,0,,0,0,0,,0,2,,,2160,92.8,92.2,3,3,0,-0.5999999999999943,6,102,138,114,134,318,319,283
3,593974,"Peralta, Wandy",816,0.4,,,,,,,,,,,,2238,94.9,94,3,3,0,-0.9000000000000057,5.8,100,160,112,151,295,323,289
3,621114,"Burr, Ryan",149,2,0,0,,0,0,0,,0,1,,,2084,94.6,95.3,3,3,0,0.7000000000000028,6.77,123,157,111,151,299,323,297
3,571863,"Koch, Matt",72,4.2,0,0,,0,0,0,,0,1,,,2219,94.7,94.4,3,3,0,-0.29999999999999716,6.17,129,151,151,152,287,321,301
3,674681,"Plassmeyer, Michael",99,3,0,0,,0,0,0,,0,2,,,2350,90.2,89.97,3,3,0,-0.20000000000000284,6.17,112,150,121,149,295,319,278
3,658648,"Avila, Pedro",70,4.3,0,0,,0,0,0,,0,1,,,2270,94,93.67,3,3,0,-0.29999999999999716,6.23,125,177,144,154,298,325,307
3,453268,"Bard, Daniel",953,0.3,0,0,,0,0,0,,0,1,,,2580,97.3,97.33,3,3,0,0,5.9,112,147,117,147,300,324,300
3,643230,"Brault, Steven",157,1.9,0,0,,0,0,0,,0,1,,,2224,91.8,92.87,3,3,0,1.1000000000000085,6.97,121,154,114,149,302,314,297
3,675912,"Lowther, Zac",100,3,0,0,,0,0,0,,0,1,,,2236,90.8,91.7,3,3,0,0.9000000000000057,6.9,110,156,126,154,307,318,289
3,592454,"Kahnle, Tommy",174,1.7,0,0,,0,0,0,,0,2,,,2144,96.2,96.9,3,3,0,0.7000000000000028,6.63,108,148,122,148,292,323,301
3,657649,"Koenig, Jared",653,0.5,0,0,,0,0,0,,0,1,,,2163,89.7,90.2,3,3,0,0.5,6.53,115,159,112,152,294,324,298
3,608371,"Sims, Lucas",129,2.3,0,0,,0,0,0,,0,1,,,2553,94.1,93,3,3,0,-1.0999999999999943,5.67,112,153,112,146,289,316,280
3,650895,"Castillo, Diego",843,0.4,,,,,,,,,,,,1909,95.4,93.23,3,3,0,-2.200000000000003,5.23,129,155,115,152,284,319,299
3,688010,"Fisher, Nate",50,6,,,,,,,,,,,,1980,92,90.23,3,3,0,-1.7999999999999972,5.33,100,157,109,152,296,324,291
3,596001,"Junis, Jakob",1802,0.2,0,0,,0,0,0,,0,1,,,2238,90.6,90.33,3,3,0,-0.29999999999999716,5.97,111,157,110,148,305,332,304
2,669711,"Weissert, Greg",186,1.1,0,0,,0,0,0,,0,1,,,2258,95.2,95,2,2,0,-0.20000000000000284,6.15,104,146,130,152,297,328,287
2,676206,"Tarnok, Freddy",10,20,,,,,,,,,,,,2511,96.7,96.5,2,2,0,-0.20000000000000284,6.2,127,154,116,155,298,321,307
2,641682,"Hendrix, Ryan",143,1.4,,,,,,,,,,,,2066,96.4,95.5,2,2,0,-0.9000000000000057,5.8,101,151,125,145,305,320,294
2,595939,"Ellis, Chris",83,2.4,,,,,,,,,,,,2289,92.5,92.3,2,2,0,-0.10000000000000853,6.3,116,152,100,149,296,308,291
2,641672,"Hatch, Thomas",71,2.8,,,,,,,,,,,,2485,94.9,94.35,2,2,0,-0.6000000000000085,6.25,101,149,123,146,301,317,285
2,643400,"Knight, Dusten",192,1,,,,,,,,,,,,2213,90.7,90.7,2,2,0,0,6.4,118,158,123,150,311,321,286
2,543548,"Milone, Tommy",238,0.8,,,,,,,,,,,,2286,87.4,86.75,2,2,0,-0.6000000000000085,5.95,107,153,104,144,292,317,283
2,676879,"Ashby, Aaron",1878,0.1,,,,,,,,,,,,2166,97.7,96.15,2,2,0,-1.5,5.45,100,149,121,145,299,317,297
2,446372,"Kluber, Corey",2454,0.1,0,0,,0,0,0,,0,1,,,2359,89,89.3,2,2,0,0.29999999999999716,6.35,124,241,123,169,298,325,316
2,453343,"Melancon, Mark",886,0.2,,,,,,,,,,,,2297,91.8,91.2,2,2,0,-0.5999999999999943,6.15,117,151,108,148,292,318,299
2,642068,"Sheffield, Jordan",37,5.4,0,0,,0,0,0,,0,1,,,2287,93.5,92.8,2,2,0,-0.6000000000000085,5.65,105,147,118,152,297,332,307
2,656008,"Zabala, Aneurys",43,4.7,,,,,,,,,,,,2239,99.3,98.55,2,2,0,-0.7000000000000028,6.1,88,139,145,148,293,313,297
2,667725,"Tyler, Kyle",40,5,,,,,,,,,,,,2142,90.4,92,2,2,0,1.7000000000000028,7,129,179,144,156,277,307,309
2,621219,"Mills, Alec",302,0.7,0,0,,0,0,0,,0,2,,,2302,90.2,89.8,2,2,0,-0.4000000000000057,6.05,105,152,110,151,303,334,311
2,425877,"Molina, Yadier",40,5,0,0,,0,0,0,,0,1,,,2099,78.8,76.3,2,2,0,-2.5,4.75,117,150,131,150,307,345,318
2,686972,"Waites, Cole",104,1.9,0,0,,0,0,0,,0,2,,,2300,95.9,97.35,2,2,0,1.5,7.15,118,154,136,148,301,323,298
2,607572,"Howard, Sam",58,3.4,,,,,,,,,,,,2210,91.1,90.3,2,2,0,-0.7999999999999972,5.9,96,152,128,149,315,329,312
2,670102,"Francis, Bowden",9,22.2,0,0,,0,0,0,,0,1,,,2336,92.3,93.05,2,2,0,0.7000000000000028,6.8,111,150,118,153,287,325,297
2,489265,"Romo, Sergio",335,0.6,0,0,,0,0,0,,0,1,,,2231,84.4,84.7,2,2,0,0.4000000000000057,6.5,117,151,134,150,301,319,296
2,573009,"Mantiply, Joe",861,0.2,0,0,,0,0,0,,0,2,,,2269,91.2,90.8,2,2,0,-0.4000000000000057,6.3,103,148,109,147,294,312,297
2,641447,"Castano, Daniel",577,0.3,0,0,,0,0,0,,0,1,,,2335,92.6,92.3,2,2,0,-0.29999999999999716,6.1,88,149,116,146,305,311,278
2,669203,"Burnes, Corbin",3274,0.1,,,,,,,,,,,,2577,97.3,97.5,2,2,0,0.20000000000000284,6.3,99,158,122,146,295,319,295
2,519242,"Sale, Chris",102,2,0,0,,0,0,0,,0,1,,,2350,95.1,94.95,2,2,0,-0.09999999999999432,6.7,109,163,138,153,292,330,301
2,620454,"Castillo, José",16,12.5,,,,,,,,,,,,2097,95.3,94.3,2,2,0,-1,6.4,85,149,122,150,308,324,303
2,663531,"Allen, Logan",164,1.2,,,,,,,,,,,,2025,90.8,90.05,2,2,0,-0.7999999999999972,6,105,152,119,152,306,322,301
2,608638,"Chargois, JT",334,0.6,,,,,,,,,,,,2258,94.7,93.9,2,2,0,-0.7999999999999972,6.15,104,173,125,155,297,333,306
2,668873,"Kilian, Caleb",235,0.9,0,0,,0,0,0,,0,1,,,2100,94.1,95.25,2,2,0,1.2000000000000028,6.85,115,155,135,156,298,311,292
2,660896,"Alcala, Jorge",40,5,,,,,,,,,,,,2305,93.9,92.75,2,2,0,-1.1000000000000085,5.6,103,159,100,151,301,336,293
2,650960,"Duarte, Daniel",77,2.6,,,,,,,,,,,,2295,94.9,95,2,2,0,0.20000000000000284,6.3,110,154,129,153,298,320,296
2,681810,"Warren, Austin",266,0.8,0,0,,0,0,0,,0,1,,,2453,94,93.95,2,2,0,0,6.4,126,153,112,176,291,329,307
2,669935,"Alexy, A.J.",152,1.3,,,,,,,,,,,,2198,93.9,93.75,2,2,0,0,6.45,107,155,122,148,266,310,294
2,527055,"Vizcaíno, Arodys",115,1.7,,,,,,,,,,,,2258,97.7,96.85,2,2,0,-0.9000000000000057,5.9,101,147,117,146,302,319,306
2,523260,"Kelly, Joe",703,0.3,0,0,,0,0,0,,0,2,,,2294,98,97.85,2,2,0,-0.10000000000000853,6,114,153,111,148,302,323,283
2,673258,"Baez, Michel",25,8,0,0,,0,0,0,,0,2,,,2352,94.8,93.6,2,2,0,-1.2000000000000028,5.85,112,159,126,151,303,327,301
2,678692,"Henriquez, Ronny",181,1.1,,,,,,,,,,,,2433,93.7,93.9,2,2,0,0.20000000000000284,6.45,119,153,122,151,290,318,291
1,666974,"Cano, Yennier",394,0.3,,,,,,,,,,,,2372,96.7,94.4,1,1,0,-2.299999999999997,5.8,115,142,94,149,300,324,281
1,607391,"Mazza, Chris",135,0.7,,,,,,,,,,,,2028,89.3,89.9,1,1,0,0.6000000000000085,6.7,90,150,89,145,300,322,277
1,472610,"García, Luis",966,0.1,,,,,,,,,,,,2096,98.3,98.8,1,1,0,0.5,6.7,126,159,120,155,287,318,311
1,596082,"Reed, Jake",307,0.3,0,0,,0,0,0,,0,1,,,2139,91.2,89.6,1,1,0,-1.6000000000000085,5.5,119,149,131,152,311,328,301
1,657766,"St. John, Locke",29,3.4,,,,,,,,,,,,2337,88.4,88.2,1,1,0,-0.20000000000000284,6,109,153,123,150,305,324,293
1,543101,"DeSclafani, Anthony",329,0.3,,,,,,,,,,,,2290,91.8,92.3,1,1,0,0.5,6.6,88,141,86,152,266,307,280
1,621237,"Alvarado, José",881,0.1,0,0,,0,0,0,,0,1,,,1879,98,98,1,1,0,0,6.5,111,153,121,148,298,324,279
1,670059,"Holderman, Colin",432,0.2,0,0,,0,0,0,,0,1,,,2303,97.1,96.4,1,1,0,-0.6999999999999886,6.2,123,151,122,150,291,315,305
1,571917,"Markel, Parker",61,1.6,0,0,,0,0,0,,0,1,,,2567,95.9,95.5,1,1,0,-0.4000000000000057,6.3,116,153,114,149,311,308,268
1,571704,"Giles, Ken",67,1.5,,,,,,,,,,,,2123,94.5,93.2,1,1,0,-1.2999999999999972,5.7,106,154,121,147,300,319,300
1,518813,"Holland, Greg",80,1.3,,,,,,,,,,,,2386,95.1,94.2,1,1,0,-0.8999999999999915,5.9,88,155,119,151,321,325,295
1,685503,"Arihara, Kohei",390,0.3,0,0,,0,0,0,,0,1,,,2264,92.5,92.5,1,1,0,0,6.3,124,168,155,152,281,320,304
1,621079,"Wiles, Collin",154,0.6,0,0,,0,0,0,,0,1,,,2042,90.8,91.7,1,1,0,0.9000000000000057,6.8,117,142,124,144,313,332,299
1,607644,"Means, John",135,0.7,0,0,,0,0,0,,0,1,,,2462,92.4,91.6,1,1,0,-0.8000000000000114,6.3,125,154,121,154,278,308,304
1,622786,"Tinoco, Jesus",350,0.3,0,0,,0,0,0,,0,1,,,2396,97.1,96.6,1,1,0,-0.5,6,123,154,123,150,310,314,280
1,461325,"Clippard, Tyler",113,0.9,0,0,,0,0,0,,0,1,,,2262,87,86.7,1,1,0,-0.29999999999999716,6.2,110,153,120,146,305,314,293
1,614177,"Reyes, Franmil",10,10,,,,,,,,,,,,2168,87.2,86.9,1,1,0,-0.29999999999999716,6.1,110,152,126,150,308,319,291
1,624418,"Castellani, Ryan",45,2.2,,,,,,,,,,,,2057,92.5,93.4,1,1,0,0.9000000000000057,6.7,103,155,126,147,312,310,272
1,656492,"Griffin, Foster",111,0.9,0,0,,0,0,0,,0,1,,,2177,94.1,94.3,1,1,0,0.20000000000000284,6.4,122,162,123,154,283,325,306
1,656954,"Sheffield, Justus",179,0.6,,,,,,,,,,,,2051,92,91.6,1,1,0,-0.4000000000000057,5.9,111,156,116,149,299,318,279
1,672582,"Zerpa, Angel",159,0.6,,,,,,,,,,,,2148,95.3,93.9,1,1,0,-1.3999999999999915,5.5,114,156,120,146,306,316,303
1,676617,"O'Brien, Riley",23,4.3,,,,,,,,,,,,2028,92.3,93.2,1,1,0,0.9000000000000057,6.9,110,153,126,148,306,319,283
1,672839,"Morales, Francisco",79,1.3,,,,,,,,,,,,2085,93.5,94.7,1,1,0,1.2000000000000028,7,118,152,122,143,307,331,285
1,641656,"Hamilton, Ian",42,2.4,,,,,,,,,,,,2274,94.7,93.1,1,1,0,-1.6000000000000085,5.7,118,154,129,150,314,333,283
1,607609,"Ladwig, A.J.",41,2.4,,,,,,,,,,,,2283,89.7,89.1,1,1,0,-0.6000000000000085,6.2,88,134,95,145,305,315,292
1,552640,"Kittredge, Andrew",233,0.4,,,,,,,,,,,,2716,92.3,92.5,1,1,0,0.20000000000000284,6.3,120,153,92,152,294,321,300
1,606273,"Elías, Roenis",114,0.9,0,0,,0,0,0,,0,1,,,2234,93.9,93,1,1,0,-0.9000000000000057,5.7,121,140,120,143,283,320,293
1,655889,"Rodríguez, Manuel",203,0.5,,,,,,,,,,,,2237,92.9,92.5,1,1,0,-0.4000000000000057,6.2,111,152,95,146,303,312,284
1,613534,"Adams, Austin",48,2.1,,,,,,,,,,,,2552,93,92.2,1,1,0,-0.7999999999999972,5.8,115,159,120,151,305,314,288
1,622065,"Young, Alex",445,0.2,0,0,,0,0,0,,0,1,,,2341,92.2,92.5,1,1,0,0.29999999999999716,6,119,155,120,145,310,332,307
1,572383,"Moran, Brian",25,4,,,,,,,,,,,,2027,83.9,85.6,1,1,0,1.6999999999999886,7.2,88,151,130,150,310,329,289
1,605195,"Crick, Kyle",279,0.4,0,0,,0,0,0,,0,1,,,2340,91.2,90.9,1,1,0,-0.29999999999999716,6.1,86,153,118,150,304,329,296
1,605538,"Wisler, Matt",749,0.1,,,,,,,,,,,,2024,89.5,88.6,1,1,0,-0.9000000000000057,5.9,121,155,88,150,305,328,295
1,676974,"Meyer, Max",89,1.1,0,0,,0,0,0,,0,1,,,2458,93.6,93.4,1,1,0,-0.19999999999998863,6.1,95,154,122,148,314,315,290
1,661440,"Llovera, Mauricio",306,0.3,0,0,,0,0,0,,0,1,,,2054,95.3,95.8,1,1,0,0.5,6.3,119,153,127,154,293,318,301
1,666168,"Thompson, Mason",368,0.3,,,,,,,,,,,,2249,94.6,94.8,1,1,0,0.20000000000000284,6.6,130,188,151,155,314,322,303
1,676637,"Sanders, Phoenix",215,0.5,,,,,,,,,,,,2056,89.1,88,1,1,0,-1.0999999999999943,5.8,118,290,175,155,290,331,336
1,595014,"Treinen, Blake",69,1.4,0,0,,0,0,0,,0,1,,,2445,96.3,95.5,1,1,0,-0.7999999999999972,5.4,123,169,152,151,303,340,316
1,668820,"Kranick, Max",76,1.3,,,,,,,,,,,,2214,98.2,99.2,1,1,0,1,6.9,117,145,100,150,288,328,298
1,663734,"Neidert, Nick",82,1.2,,,,,,,,,,,,2130,92.2,92.5,1,1,0,0.29999999999999716,6.8,121,153,97,155,288,327,294
1,693821,"Elder, Bryce",873,0.1,,,,,,,,,,,,2100,91.2,91,1,1,0,-0.20000000000000284,6,84,151,115,147,303,316,295
1,592712,"Sadzeck, Connor",48,2.1,,,,,,,,,,,,2281,95.9,95.3,1,1,0,-0.6000000000000085,6.1,129,174,124,150,296,307,301
1,682016,"Woods, William",31,3.2,0,0,,0,0,0,,0,1,,,2401,94.1,95.1,1,1,0,1,6.8,115,152,120,144,312,330,292
1,445926,"Chavez, Jesse",1202,0.1,0,0,,0,0,0,,0,1,,,2194,91.2,90.4,1,1,0,-0.7999999999999972,6.4,109,154,116,152,286,312,281
1,592473,"Kolarek, Adam",319,0.3,,,,,,,,,,,,2179,89.5,89.6,1,1,0,0.09999999999999432,6.6,87,144,118,143,288,309,281
1,544931,"Strasburg, Stephen",83,1.2,0,0,,0,0,0,,0,1,,,1989,89.8,91.3,1,1,0,1.5,7.2,119,153,121,146,305,321,283
1,676766,"Snyder, Nick",33,3,,,,,,,,,,,,2503,96.1,95.4,1,1,0,-0.6999999999999886,5.9,116,155,119,151,314,328,299